// SPDX-License-Identifier: MIT
// Copyright (c) 2026 Chris Collins <chris@hitorro.com>

/*
 * Bullion Dash - Level management
 *
 * 150 levels stored as nibble-packed data (2 tiles per byte, column-major).
 * Each level is 28x16 = 448 tiles, packed into 224 bytes.
 */
#include "level.h"
#include "game.h"

#include <exec/types.h>
#include <dos/dos.h>
#include <proto/dos.h>
#include <string.h>

/* Forward declarations of static helpers */
static void unpack_level(const UBYTE *packed, GameState *gs);

static const UBYTE level_data[150 * 224] = {
    /* Level 1 */
    0x00,0x00,0x00,0x00,0x00,0x00,0x00,0x72,0x00,0x00,0x00,0x00,0x00,0x00,0x00,0x02,
    0x00,0x00,0x00,0x00,0x01,0x00,0x00,0x02,0x00,0x00,0x03,0x33,0x33,0x00,0x00,0x02,
    0x00,0x00,0x00,0x00,0x01,0x00,0x00,0x02,0x00,0x00,0x00,0x10,0x01,0x00,0x00,0x02,
    0x00,0x00,0x00,0x10,0x01,0x00,0x00,0x02,0x00,0x00,0x00,0x10,0x00,0x33,0x31,0x02,
    0x00,0x00,0x00,0x10,0x00,0x00,0x01,0x02,0x00,0x00,0x00,0x10,0x01,0x00,0x01,0x02,
    0x00,0x51,0x00,0x10,0x00,0x00,0x51,0x02,0x00,0x01,0x00,0x03,0x33,0x33,0x31,0x02,
    0x00,0x01,0x00,0x10,0x00,0x00,0x01,0x02,0x00,0x01,0x05,0x10,0x01,0x00,0x00,0x02,
    0x00,0x01,0x00,0x10,0x01,0x00,0x01,0x02,0x00,0x01,0x00,0x10,0x01,0x00,0x01,0x02,
    0x00,0x01,0x00,0x10,0x01,0x00,0x01,0x02,0x00,0x01,0x00,0x10,0x01,0x00,0x01,0x02,
    0x00,0x01,0x00,0x10,0x01,0x00,0x51,0x02,0x00,0x01,0x00,0x10,0x01,0x00,0x01,0x02,
    0x00,0x00,0x00,0x10,0x01,0x00,0x01,0x02,0x00,0x00,0x00,0x10,0x00,0x33,0x31,0x02,
    0x00,0x00,0x00,0x10,0x00,0x00,0x00,0x02,0x00,0x00,0x00,0x00,0x00,0x00,0x00,0x02,
    0x00,0x00,0x00,0x10,0x00,0x01,0x00,0x02,0x00,0x00,0x00,0x30,0x00,0x51,0x00,0x02,
    0x00,0x00,0x03,0x33,0x33,0x31,0x00,0x02,0x00,0x33,0x33,0x00,0x00,0x00,0x08,0x02,
    /* Level 2 */
    0x00,0x00,0x00,0x00,0x00,0x00,0x00,0x72,0x00,0x00,0x00,0x00,0x00,0x00,0x00,0x02,
    0x00,0x00,0x00,0x00,0x00,0x00,0x00,0x02,0x00,0x33,0x33,0x33,0x33,0x33,0x33,0x32,
    0x00,0x00,0x10,0x00,0x00,0x10,0x00,0x02,0x00,0x00,0x10,0x00,0x00,0x10,0x00,0x02,
    0x00,0x05,0x10,0x00,0x05,0x10,0x00,0x02,0x00,0x00,0x10,0x00,0x00,0x10,0x00,0x02,
    0x00,0x00,0x00,0x13,0x33,0x33,0x31,0x02,0x00,0x01,0x00,0x10,0x00,0x00,0x01,0x02,
    0x00,0x01,0x00,0x10,0x00,0x00,0x01,0x02,0x00,0x01,0x05,0x10,0x00,0x00,0x01,0x02,
    0x00,0x01,0x00,0x10,0x00,0x00,0x01,0x02,0x00,0x00,0x00,0x10,0x08,0x00,0x51,0x02,
    0x00,0x01,0x00,0x10,0x08,0x00,0x51,0x02,0x00,0x01,0x05,0x10,0x00,0x00,0x01,0x02,
    0x00,0x01,0x00,0x10,0x00,0x00,0x01,0x02,0x00,0x01,0x00,0x10,0x00,0x00,0x01,0x02,
    0x00,0x00,0x00,0x10,0x00,0x00,0x01,0x02,0x00,0x00,0x00,0x13,0x33,0x33,0x31,0x02,
    0x00,0x05,0x10,0x00,0x00,0x10,0x00,0x02,0x00,0x00,0x10,0x00,0x05,0x10,0x00,0x02,
    0x00,0x00,0x10,0x00,0x00,0x10,0x00,0x02,0x00,0x03,0x10,0x00,0x00,0x10,0x00,0x02,
    0x00,0x30,0x33,0x33,0x33,0x33,0x33,0x02,0x00,0x00,0x00,0x00,0x00,0x00,0x00,0x02,
    0x00,0x00,0x00,0x00,0x00,0x00,0x00,0x02,0x00,0x00,0x00,0x00,0x00,0x00,0x00,0x02,
    /* Level 3 */
    0x00,0x00,0x00,0x00,0x00,0x00,0x00,0x72,0x00,0x33,0x33,0x33,0x33,0x33,0x33,0x02,
    0x00,0x00,0x00,0x00,0x00,0x00,0x00,0x32,0x00,0x00,0x10,0x00,0x05,0x10,0x00,0x02,
    0x00,0x05,0x10,0x00,0x00,0x10,0x00,0x02,0x00,0x00,0x10,0x13,0x33,0x33,0x31,0x02,
    0x00,0x00,0x00,0x10,0x00,0x00,0x01,0x02,0x00,0x01,0x05,0x10,0x00,0x00,0x01,0x02,
    0x00,0x01,0x00,0x10,0x00,0x00,0x01,0x02,0x00,0x01,0x00,0x10,0x00,0x00,0x01,0x02,
    0x00,0x01,0x00,0x10,0x00,0x00,0x51,0x02,0x00,0x00,0x00,0x10,0x00,0x00,0x01,0x02,
    0x00,0x00,0x00,0x10,0x08,0x00,0x01,0x02,0x00,0x00,0x00,0x10,0x08,0x00,0x51,0x02,
    0x00,0x00,0x00,0x10,0x00,0x00,0x01,0x02,0x00,0x01,0x00,0x10,0x00,0x00,0x01,0x02,
    0x00,0x01,0x00,0x10,0x00,0x00,0x01,0x02,0x00,0x01,0x00,0x10,0x00,0x00,0x01,0x02,
    0x00,0x01,0x05,0x10,0x00,0x00,0x01,0x02,0x00,0x00,0x00,0x10,0x00,0x00,0x31,0x02,
    0x00,0x00,0x00,0x13,0x33,0x33,0x01,0x02,0x00,0x05,0x00,0x00,0x00,0x00,0x00,0x02,
    0x00,0x00,0x10,0x00,0x00,0x10,0x00,0x02,0x00,0x00,0x10,0x00,0x00,0x10,0x00,0x02,
    0x00,0x00,0x10,0x00,0x05,0x00,0x00,0x02,0x00,0x00,0x00,0x00,0x03,0x00,0x30,0x02,
    0x00,0x03,0x00,0x03,0x30,0x33,0x03,0x32,0x00,0x30,0x33,0x30,0x00,0x00,0x00,0x02,
    /* Level 4 */
    0x00,0x00,0x00,0x00,0x00,0x00,0x00,0x72,0x00,0x00,0x00,0x00,0x00,0x00,0x00,0x02,
    0x00,0x00,0x00,0x00,0x00,0x00,0x00,0x52,0x00,0x00,0x00,0x00,0x00,0x01,0x00,0x02,
    0x00,0x00,0x00,0x00,0x00,0x02,0x00,0x02,0x00,0x00,0x00,0x00,0x00,0x01,0x00,0x02,
    0x00,0x00,0x00,0x00,0x00,0x01,0x00,0x02,0x00,0x00,0x00,0x00,0x00,0x51,0x00,0x02,
    0x00,0x33,0x33,0x30,0x00,0x01,0x00,0x02,0x00,0x00,0x00,0x00,0x00,0x00,0x10,0x02,
    0x00,0x00,0x00,0x00,0x00,0x00,0x10,0x02,0x00,0x00,0x00,0x00,0x00,0x00,0x10,0x02,
    0x00,0x00,0x00,0x00,0x00,0x01,0x20,0x82,0x00,0x00,0x00,0x33,0x30,0x51,0x10,0x02,
    0x00,0x00,0x00,0x00,0x00,0x51,0x10,0x02,0x00,0x00,0x01,0x00,0x00,0x01,0x10,0x02,
    0x00,0x00,0x01,0x00,0x00,0x00,0x00,0x02,0x00,0x00,0x00,0x00,0x00,0x00,0x10,0x02,
    0x00,0x00,0x01,0x00,0x00,0x00,0x10,0x02,0x00,0x00,0x12,0x00,0x00,0x00,0x10,0x02,
    0x00,0x00,0x11,0x10,0x00,0x00,0x20,0x02,0x00,0x00,0x01,0x10,0x00,0x33,0x33,0x02,
    0x00,0x00,0x11,0x03,0x33,0x00,0x00,0x02,0x00,0x00,0x12,0x00,0x00,0x00,0x00,0x02,
    0x00,0x00,0x10,0x00,0x00,0x00,0x00,0x02,0x33,0x33,0x15,0x23,0x33,0x33,0x33,0x32,
    0x00,0x00,0x10,0x00,0x00,0x00,0x00,0x02,0x00,0x00,0x00,0x00,0x00,0x00,0x00,0x02,
    /* Level 5 */
    0x00,0x00,0x00,0x00,0x00,0x00,0x00,0x72,0x00,0x00,0x00,0x00,0x00,0x00,0x00,0x02,
    0x00,0x00,0x00,0x00,0x00,0x00,0x00,0x02,0x00,0x00,0x00,0x00,0x00,0x00,0x00,0x02,
    0x00,0x00,0x00,0x00,0x00,0x00,0x00,0x02,0x00,0x00,0x00,0x00,0x00,0x00,0x00,0x02,
    0x00,0x00,0x00,0x00,0x00,0x00,0x00,0x02,0x00,0x03,0x33,0x00,0x00,0x02,0x00,0x02,
    0x00,0x00,0x00,0x00,0x10,0x01,0x00,0x02,0x00,0x00,0x00,0x00,0x20,0x01,0x00,0x02,
    0x00,0x00,0x00,0x05,0x20,0x01,0x00,0x02,0x00,0x00,0x00,0x00,0x00,0x01,0x10,0x82,
    0x00,0x00,0x00,0x00,0x10,0x01,0x10,0x02,0x00,0x00,0x00,0x00,0x10,0x00,0x10,0x02,
    0x00,0x00,0x00,0x00,0x10,0x00,0x10,0x02,0x00,0x00,0x00,0x00,0x20,0x01,0x40,0x02,
    0x00,0x01,0x00,0x00,0x10,0x01,0x20,0x02,0x00,0x01,0x00,0x00,0x10,0x01,0x40,0x52,
    0x00,0x52,0x00,0x00,0x10,0x01,0x40,0x52,0x00,0x02,0x00,0x00,0x23,0x33,0x30,0x02,
    0x00,0x01,0x00,0x00,0x20,0x01,0x00,0x02,0x00,0x00,0x00,0x00,0x10,0x01,0x00,0x02,
    0x00,0x00,0x00,0x00,0x00,0x02,0x00,0x02,0x00,0x00,0x00,0x00,0x00,0x00,0x00,0x02,
    0x33,0x33,0x33,0x33,0x33,0x33,0x33,0x32,0x00,0x00,0x00,0x00,0x00,0x00,0x00,0x52,
    0x00,0x00,0x00,0x00,0x53,0x33,0x33,0x32,0x00,0x00,0x00,0x00,0x00,0x00,0x00,0x02,
    /* Level 6 */
    0x00,0x00,0x00,0x00,0x00,0x00,0x00,0x72,0x00,0x00,0x00,0x00,0x00,0x00,0x00,0x02,
    0x00,0x00,0x00,0x00,0x00,0x00,0x00,0x52,0x00,0x00,0x00,0x00,0x01,0x00,0x00,0x02,
    0x00,0x00,0x00,0x00,0x02,0x00,0x00,0x02,0x00,0x00,0x00,0x00,0x02,0x00,0x00,0x02,
    0x00,0x00,0x00,0x00,0x01,0x00,0x00,0x02,0x00,0x00,0x00,0x00,0x01,0x00,0x00,0x52,
    0x00,0x00,0x10,0x00,0x00,0x00,0x00,0x52,0x00,0x03,0x33,0x00,0x00,0x00,0x20,0x02,
    0x00,0x00,0x10,0x00,0x00,0x05,0x10,0x52,0x00,0x00,0x10,0x00,0x00,0x00,0x10,0x02,
    0x00,0x00,0x20,0x00,0x00,0x00,0x20,0x02,0x00,0x00,0x10,0x00,0x00,0x00,0x00,0x52,
    0x00,0x05,0x10,0x00,0x00,0x08,0x10,0x02,0x00,0x00,0x10,0x00,0x00,0x00,0x10,0x02,
    0x00,0x00,0x10,0x00,0x00,0x00,0x00,0x02,0x00,0x00,0x10,0x00,0x00,0x00,0x00,0x02,
    0x00,0x05,0x10,0x00,0x00,0x00,0x00,0x02,0x00,0x00,0x00,0x00,0x00,0x00,0x00,0x02,
    0x00,0x00,0x10,0x00,0x00,0x00,0x00,0x02,0x00,0x00,0x10,0x00,0x00,0x00,0x00,0x52,
    0x00,0x03,0x33,0x30,0x00,0x33,0x33,0x32,0x33,0x33,0x33,0x33,0x33,0x33,0x33,0x32,
    0x00,0x00,0x00,0x00,0x00,0x33,0x33,0x02,0x00,0x00,0x00,0x00,0x00,0x00,0x00,0x02,
    0x00,0x00,0x00,0x00,0x00,0x00,0x33,0x32,0x00,0x00,0x00,0x00,0x00,0x00,0x00,0x02,
    /* Level 7 */
    0x00,0x00,0x00,0x00,0x00,0x00,0x00,0x72,0x00,0x00,0x00,0x00,0x00,0x00,0x04,0x02,
    0x00,0x00,0x00,0x00,0x00,0x00,0x04,0x02,0x00,0x00,0x00,0x00,0x33,0x33,0x33,0x02,
    0x00,0x00,0x00,0x00,0x00,0x00,0x04,0x02,0x00,0x00,0x53,0x33,0x33,0x30,0x04,0x02,
    0x00,0x00,0x00,0x00,0x00,0x00,0x04,0x02,0x00,0x00,0x10,0x10,0x00,0x00,0x04,0x52,
    0x00,0x00,0x10,0x10,0x00,0x00,0x00,0x02,0x00,0x00,0x00,0x10,0x00,0x00,0x00,0x02,
    0x00,0x00,0x20,0x10,0x00,0x00,0x00,0x02,0x00,0x00,0x10,0x10,0x00,0x33,0x33,0x33,
    0x00,0x05,0x10,0x10,0x00,0x00,0x00,0x02,0x00,0x00,0x10,0x10,0x40,0x00,0x00,0x52,
    0x00,0x33,0x33,0x10,0x40,0x00,0x00,0x52,0x00,0x00,0x00,0x11,0x40,0x00,0x00,0x02,
    0x00,0x00,0x00,0x21,0x40,0x00,0x00,0x82,0x00,0x00,0x00,0x11,0x20,0x05,0x10,0x02,
    0x00,0x00,0x00,0x11,0x10,0x00,0x10,0x02,0x00,0x00,0x00,0x11,0x10,0x05,0x10,0x02,
    0x00,0x00,0x00,0x00,0x10,0x00,0x00,0x02,0x00,0x00,0x00,0x00,0x10,0x00,0x00,0x02,
    0x00,0x00,0x00,0x20,0x10,0x05,0x10,0x82,0x33,0x33,0x33,0x33,0x33,0x33,0x23,0x52,
    0x00,0x00,0x00,0x00,0x00,0x00,0x10,0x02,0x00,0x00,0x00,0x00,0x00,0x00,0x00,0x02,
    0x00,0x00,0x00,0x00,0x00,0x00,0x00,0x02,0x00,0x00,0x00,0x00,0x00,0x00,0x00,0x02,
    /* Level 8 */
    0x00,0x00,0x00,0x00,0x00,0x00,0x00,0x72,0x00,0x00,0x00,0x00,0x00,0x00,0x00,0x02,
    0x00,0x00,0x00,0x00,0x00,0x00,0x00,0x02,0x00,0x00,0x00,0x00,0x00,0x00,0x00,0x02,
    0x00,0x00,0x00,0x00,0x00,0x00,0x00,0x52,0x00,0x00,0x00,0x00,0x00,0x00,0x00,0x02,
    0x00,0x00,0x00,0x00,0x00,0x00,0x00,0x02,0x00,0x04,0x03,0x33,0x33,0x30,0x00,0x02,
    0x00,0x53,0x33,0x30,0x00,0x00,0x01,0x02,0x00,0x04,0x00,0x00,0x00,0x03,0x33,0x33,
    0x00,0x04,0x00,0x00,0x00,0x00,0x21,0x02,0x00,0x03,0x33,0x30,0x01,0x00,0x11,0x02,
    0x00,0x00,0x04,0x00,0x01,0x00,0x12,0x02,0x00,0x00,0x04,0x00,0x51,0x00,0x10,0x02,
    0x00,0x00,0x04,0x00,0x81,0x00,0x10,0x02,0x00,0x00,0x04,0x00,0x01,0x00,0x51,0x02,
    0x00,0x00,0x00,0x00,0x00,0x00,0x01,0x02,0x00,0x00,0x00,0x00,0x00,0x00,0x01,0x02,
    0x00,0x00,0x00,0x00,0x00,0x00,0x11,0x02,0x00,0x00,0x00,0x00,0x00,0x05,0x10,0x02,
    0x00,0x00,0x00,0x00,0x00,0x00,0x10,0x02,0x00,0x00,0x00,0x00,0x00,0x00,0x10,0x52,
    0x00,0x00,0x00,0x00,0x00,0x08,0x10,0x52,0x00,0x00,0x00,0x00,0x00,0x00,0x00,0x52,
    0x00,0x00,0x00,0x00,0x00,0x00,0x00,0x02,0x00,0x00,0x00,0x00,0x00,0x00,0x00,0x02,
    0x33,0x33,0x33,0x33,0x33,0x33,0x33,0x32,0x00,0x00,0x00,0x00,0x00,0x00,0x00,0x02,
    /* Level 9 */
    0x00,0x00,0x00,0x00,0x00,0x00,0x00,0x72,0x00,0x00,0x01,0x33,0x33,0x30,0x00,0x02,
    0x00,0x00,0x01,0x00,0x00,0x00,0x00,0x02,0x00,0x00,0x01,0x33,0x33,0x33,0x00,0x02,
    0x00,0x00,0x01,0x00,0x00,0x00,0x02,0x52,0x00,0x00,0x51,0x00,0x00,0x00,0x01,0x02,
    0x00,0x00,0x01,0x00,0x00,0x00,0x51,0x02,0x00,0x00,0x01,0x00,0x00,0x00,0x00,0x02,
    0x00,0x00,0x01,0x00,0x00,0x00,0x00,0x02,0x00,0x00,0x02,0x00,0x00,0x00,0x00,0x02,
    0x00,0x00,0x01,0x00,0x00,0x00,0x01,0x02,0x00,0x00,0x10,0x00,0x00,0x33,0x33,0x32,
    0x00,0x00,0x10,0x00,0x00,0x00,0x02,0x02,0x00,0x00,0x13,0x33,0x30,0x00,0x02,0x02,
    0x00,0x00,0x11,0x00,0x00,0x00,0x01,0x02,0x00,0x00,0x12,0x00,0x00,0x00,0x01,0x52,
    0x00,0x00,0x10,0x00,0x00,0x00,0x00,0x52,0x00,0x00,0x10,0x00,0x00,0x00,0x00,0x02,
    0x00,0x00,0x10,0x00,0x00,0x00,0x00,0x02,0x00,0x00,0x20,0x00,0x00,0x04,0x00,0x02,
    0x00,0x00,0x00,0x00,0x10,0x04,0x00,0x02,0x00,0x00,0x00,0x05,0x10,0x04,0x00,0x82,
    0x00,0x00,0x00,0x00,0x10,0x04,0x00,0x52,0x00,0x00,0x00,0x05,0x10,0x04,0x00,0x02,
    0x00,0x00,0x00,0x00,0x10,0x04,0x00,0x02,0x00,0x00,0x00,0x00,0x00,0x04,0x00,0x02,
    0x33,0x33,0x33,0x33,0x33,0x34,0x33,0x32,0x00,0x00,0x00,0x00,0x00,0x00,0x00,0x02,
    /* Level 10 */
    0x00,0x00,0x00,0x00,0x00,0x00,0x00,0x72,0x00,0x00,0x00,0x00,0x00,0x00,0x00,0x02,
    0x00,0x00,0x00,0x00,0x00,0x00,0x00,0x02,0x00,0x00,0x00,0x00,0x33,0x30,0x00,0x02,
    0x00,0x00,0x00,0x00,0x00,0x00,0x00,0x52,0x00,0x00,0x00,0x00,0x00,0x00,0x00,0x02,
    0x00,0x00,0x00,0x00,0x00,0x00,0x00,0x02,0x00,0x00,0x00,0x00,0x00,0x00,0x00,0x02,
    0x00,0x00,0x00,0x00,0x00,0x00,0x00,0x52,0x00,0x00,0x00,0x00,0x00,0x33,0x30,0x02,
    0x00,0x00,0x00,0x01,0x00,0x05,0x10,0x02,0x00,0x00,0x00,0x01,0x00,0x00,0x10,0x02,
    0x00,0x00,0x00,0x01,0x00,0x05,0x10,0x02,0x00,0x02,0x00,0x01,0x00,0x33,0x33,0x32,
    0x00,0x51,0x00,0x01,0x00,0x05,0x10,0x02,0x00,0x00,0x00,0x03,0x33,0x33,0x20,0x02,
    0x00,0x00,0x00,0x01,0x00,0x00,0x22,0x02,0x00,0x00,0x00,0x02,0x00,0x00,0x02,0x02,
    0x00,0x02,0x00,0x01,0x00,0x00,0x01,0x02,0x00,0x02,0x00,0x02,0x33,0x33,0x31,0x02,
    0x00,0x81,0x00,0x01,0x00,0x00,0x01,0x02,0x00,0x02,0x00,0x01,0x00,0x00,0x01,0x02,
    0x00,0x04,0x00,0x01,0x00,0x00,0x00,0x02,0x00,0x04,0x00,0x01,0x00,0x00,0x00,0x02,
    0x00,0x04,0x00,0x00,0x00,0x00,0x00,0x02,0x33,0x34,0x33,0x31,0x33,0x33,0x31,0x32,
    0x00,0x00,0x00,0x01,0x00,0x00,0x01,0x02,0x00,0x00,0x00,0x00,0x00,0x00,0x00,0x02,
    /* Level 11 */
    0x00,0x00,0x00,0x00,0x00,0x00,0x00,0x72,0x00,0x00,0x00,0x00,0x00,0x00,0x00,0x02,
    0x00,0x00,0x00,0x00,0x00,0x00,0x00,0x02,0x00,0x00,0x33,0x33,0x33,0x30,0x00,0x02,
    0x00,0x00,0x00,0x00,0x00,0x00,0x00,0x02,0x00,0x00,0x00,0x00,0x00,0x00,0x00,0x02,
    0x00,0x00,0x00,0x00,0x00,0x00,0x00,0x02,0x00,0x00,0x00,0x00,0x00,0x00,0x00,0x02,
    0x00,0x00,0x00,0x00,0x00,0x00,0x00,0x02,0x00,0x00,0x00,0x00,0x00,0x10,0x00,0x02,
    0x00,0x00,0x00,0x00,0x00,0x10,0x00,0x02,0x00,0x00,0x00,0x00,0x00,0x10,0x00,0x02,
    0x00,0x00,0x00,0x00,0x00,0x20,0x00,0x02,0x00,0x00,0x00,0x00,0x33,0x30,0x00,0x02,
    0x00,0x00,0x00,0x00,0x00,0x10,0x00,0x82,0x00,0x00,0x00,0x00,0x05,0x10,0x00,0x12,
    0x00,0x00,0x00,0x00,0x03,0x33,0x08,0x22,0x00,0x00,0x00,0x00,0x00,0x10,0x00,0x12,
    0x00,0x00,0x00,0x20,0x05,0x10,0x00,0x12,0x00,0x00,0x00,0x10,0x05,0x10,0x00,0x12,
    0x00,0x00,0x10,0x10,0x00,0x10,0x00,0x12,0x00,0x00,0x10,0x10,0x00,0x10,0x00,0x02,
    0x00,0x00,0x20,0x00,0x00,0x10,0x00,0x22,0x00,0x00,0x10,0x10,0x00,0x10,0x00,0x02,
    0x33,0x33,0x13,0x33,0x33,0x13,0x33,0x52,0x00,0x00,0x00,0x00,0x05,0x10,0x00,0x02,
    0x00,0x00,0x00,0x00,0x00,0x10,0x00,0x02,0x00,0x00,0x00,0x00,0x00,0x00,0x00,0x02,
    /* Level 12 */
    0x00,0x00,0x00,0x00,0x00,0x00,0x00,0x72,0x00,0x00,0x00,0x00,0x03,0x33,0x33,0x32,
    0x00,0x00,0x00,0x00,0x00,0x00,0x00,0x02,0x00,0x00,0x10,0x00,0x00,0x00,0x00,0x02,
    0x00,0x05,0x10,0x00,0x00,0x01,0x00,0x02,0x00,0x00,0x10,0x00,0x00,0x01,0x00,0x02,
    0x00,0x00,0x33,0x33,0x33,0x51,0x00,0x02,0x00,0x01,0x33,0x33,0x30,0x01,0x00,0x02,
    0x00,0x01,0x00,0x00,0x00,0x02,0x00,0x02,0x00,0x01,0x00,0x00,0x00,0x01,0x00,0x02,
    0x00,0x51,0x00,0x83,0x33,0x01,0x00,0x02,0x00,0x01,0x10,0x00,0x00,0x00,0x00,0x02,
    0x00,0x01,0x00,0x00,0x00,0x00,0x00,0x02,0x00,0x01,0x00,0x00,0x00,0x00,0x00,0x02,
    0x00,0x41,0x00,0x00,0x00,0x00,0x00,0x02,0x00,0x44,0x00,0x00,0x00,0x00,0x00,0x52,
    0x00,0x44,0x00,0x00,0x00,0x00,0x00,0x02,0x00,0x01,0x00,0x00,0x00,0x00,0x00,0x02,
    0x00,0x04,0x03,0x33,0x33,0x00,0x00,0x02,0x00,0x04,0x00,0x00,0x00,0x00,0x00,0x82,
    0x00,0x04,0x00,0x00,0x00,0x00,0x00,0x02,0x00,0x00,0x00,0x00,0x00,0x00,0x00,0x52,
    0x00,0x00,0x00,0x00,0x00,0x00,0x00,0x02,0x00,0x00,0x00,0x00,0x00,0x00,0x00,0x02,
    0x00,0x00,0x00,0x00,0x00,0x00,0x00,0x02,0x00,0x00,0x00,0x00,0x00,0x00,0x00,0x02,
    0x00,0x00,0x00,0x00,0x00,0x00,0x00,0x02,0x33,0x33,0x33,0x33,0x33,0x33,0x33,0x32,
    /* Level 13 */
    0x00,0x00,0x00,0x00,0x00,0x00,0x00,0x72,0x00,0x00,0x00,0x00,0x00,0x00,0x00,0x02,
    0x00,0x00,0x00,0x00,0x00,0x00,0x00,0x02,0x00,0x01,0x00,0x00,0x00,0x00,0x00,0x02,
    0x00,0x01,0x00,0x00,0x00,0x00,0x00,0x02,0x00,0x52,0x00,0x03,0x33,0x33,0x33,0x02,
    0x00,0x01,0x00,0x00,0x00,0x00,0x00,0x52,0x00,0x01,0x00,0x00,0x00,0x00,0x00,0x02,
    0x00,0x02,0x00,0x00,0x00,0x00,0x00,0x02,0x00,0x01,0x00,0x00,0x00,0x00,0x00,0x02,
    0x00,0x01,0x00,0x00,0x00,0x33,0x33,0x33,0x00,0x01,0x00,0x00,0x00,0x00,0x00,0x52,
    0x00,0x01,0x00,0x00,0x00,0x00,0x00,0x02,0x00,0x02,0x00,0x00,0x00,0x00,0x00,0x02,
    0x00,0x00,0x00,0x00,0x00,0x00,0x00,0x02,0x00,0x00,0x10,0x81,0x00,0x00,0x00,0x02,
    0x00,0x00,0x10,0x01,0x00,0x00,0x00,0x52,0x00,0x00,0x10,0x02,0x00,0x00,0x00,0x02,
    0x00,0x00,0x00,0x01,0x10,0x00,0x00,0x52,0x00,0x00,0x00,0x01,0x10,0x00,0x00,0x02,
    0x00,0x00,0x00,0x01,0x20,0x00,0x00,0x02,0x00,0x00,0x00,0x01,0x20,0x05,0x33,0x33,
    0x00,0x00,0x00,0x01,0x00,0x00,0x00,0x02,0x00,0x00,0x00,0x01,0x00,0x00,0x00,0x52,
    0x00,0x00,0x00,0x01,0x10,0x00,0x00,0x02,0x00,0x00,0x00,0x00,0x10,0x00,0x00,0x02,
    0x00,0x00,0x00,0x00,0x00,0x00,0x00,0x02,0x33,0x33,0x33,0x33,0x33,0x33,0x33,0x32,
    /* Level 14 */
    0x00,0x00,0x00,0x00,0x00,0x00,0x00,0x72,0x00,0x00,0x00,0x33,0x33,0x00,0x00,0x02,
    0x00,0x00,0x00,0x00,0x00,0x00,0x00,0x02,0x00,0x00,0x00,0x00,0x00,0x00,0x00,0x02,
    0x00,0x00,0x00,0x00,0x00,0x00,0x00,0x52,0x00,0x00,0x00,0x00,0x00,0x00,0x00,0x02,
    0x00,0x00,0x00,0x00,0x00,0x00,0x00,0x02,0x00,0x00,0x00,0x00,0x00,0x00,0x00,0x02,
    0x00,0x00,0x00,0x00,0x00,0x00,0x00,0x02,0x00,0x00,0x00,0x00,0x00,0x00,0x00,0x02,
    0x00,0x00,0x00,0x00,0x03,0x33,0x30,0x02,0x00,0x00,0x00,0x00,0x00,0x00,0x00,0x52,
    0x00,0x00,0x00,0x00,0x00,0x01,0x00,0x52,0x00,0x00,0x00,0x00,0x00,0x01,0x00,0x52,
    0x00,0x00,0x00,0x00,0x82,0x02,0x00,0x02,0x00,0x00,0x00,0x00,0x02,0x02,0x00,0x02,
    0x00,0x00,0x00,0x00,0x00,0x51,0x00,0x02,0x00,0x00,0x05,0x10,0x00,0x04,0x00,0x02,
    0x00,0x00,0x48,0x10,0x51,0x01,0x00,0x02,0x00,0x00,0x40,0x10,0x01,0x01,0x00,0x02,
    0x00,0x33,0x32,0x20,0x00,0x04,0x00,0x52,0x00,0x00,0x41,0x10,0x00,0x04,0x00,0x02,
    0x00,0x00,0x41,0x00,0x00,0x04,0x00,0x02,0x00,0x00,0x41,0x00,0x00,0x00,0x00,0x02,
    0x00,0x00,0x42,0x00,0x00,0x00,0x00,0x02,0x00,0x00,0x40,0x00,0x03,0x33,0x33,0x32,
    0x00,0x00,0x00,0x00,0x00,0x00,0x00,0x02,0x33,0x33,0x33,0x33,0x33,0x33,0x33,0x32,
    /* Level 15 */
    0x00,0x00,0x00,0x00,0x00,0x00,0x00,0x72,0x00,0x00,0x00,0x03,0x33,0x33,0x00,0x02,
    0x00,0x00,0x00,0x00,0x00,0x00,0x00,0x52,0x00,0x00,0x00,0x00,0x00,0x00,0x00,0x02,
    0x00,0x00,0x00,0x00,0x00,0x00,0x00,0x02,0x00,0x00,0x00,0x00,0x00,0x00,0x00,0x02,
    0x00,0x00,0x00,0x00,0x00,0x00,0x00,0x52,0x00,0x00,0x00,0x00,0x00,0x00,0x00,0x02,
    0x00,0x00,0x00,0x00,0x00,0x00,0x00,0x52,0x00,0x00,0x00,0x00,0x00,0x00,0x00,0x52,
    0x00,0x00,0x00,0x05,0x33,0x33,0x33,0x12,0x00,0x00,0x00,0x00,0x00,0x00,0x00,0x12,
    0x00,0x00,0x00,0x00,0x00,0x00,0x00,0x12,0x00,0x00,0x00,0x00,0x00,0x00,0x00,0x02,
    0x00,0x00,0x00,0x00,0x00,0x40,0x00,0x02,0x00,0x00,0x00,0x00,0x08,0x33,0x33,0x12,
    0x00,0x00,0x00,0x00,0x00,0x10,0x00,0x12,0x00,0x00,0x00,0x00,0x00,0x10,0x00,0x52,
    0x00,0x00,0x00,0x00,0x00,0x10,0x00,0x02,0x00,0x00,0x00,0x00,0x00,0x40,0x00,0x02,
    0x00,0x53,0x33,0x10,0x00,0x00,0x00,0x52,0x00,0x00,0x00,0x10,0x00,0x00,0x00,0x82,
    0x00,0x00,0x00,0x10,0x00,0x00,0x00,0x02,0x00,0x00,0x00,0x10,0x00,0x00,0x00,0x02,
    0x00,0x00,0x00,0x00,0x00,0x00,0x00,0x52,0x33,0x33,0x33,0x33,0x33,0x33,0x33,0x32,
    0x00,0x00,0x00,0x00,0x00,0x00,0x00,0x02,0x00,0x00,0x00,0x00,0x00,0x00,0x00,0x02,
    /* Level 16 */
    0x00,0x00,0x00,0x00,0x00,0x00,0x00,0x72,0x00,0x00,0x00,0x00,0x00,0x00,0x00,0x02,
    0x00,0x00,0x00,0x00,0x00,0x00,0x00,0x02,0x00,0x00,0x00,0x00,0x00,0x00,0x00,0x02,
    0x00,0x00,0x00,0x00,0x00,0x04,0x00,0x02,0x00,0x00,0x00,0x00,0x20,0x04,0x00,0x52,
    0x00,0x00,0x00,0x00,0x20,0x04,0x00,0x02,0x00,0x00,0x00,0x00,0x10,0x04,0x00,0x02,
    0x00,0x00,0x00,0x00,0x10,0x04,0x00,0x02,0x00,0x00,0x10,0x08,0x20,0x00,0x00,0x02,
    0x00,0x45,0x10,0x00,0x00,0x00,0x00,0x02,0x00,0x45,0x20,0x00,0x00,0x00,0x00,0x02,
    0x00,0x40,0x10,0x00,0x00,0x00,0x00,0x02,0x00,0x40,0x10,0x00,0x03,0x33,0x30,0x02,
    0x00,0x40,0x33,0x30,0x00,0x00,0x00,0x02,0x00,0x40,0x10,0x00,0x00,0x00,0x00,0x02,
    0x00,0x40,0x10,0x00,0x00,0x10,0x00,0x02,0x00,0x00,0x10,0x00,0x00,0x10,0x00,0x02,
    0x00,0x00,0x00,0x00,0x00,0x20,0x00,0x02,0x00,0x00,0x10,0x00,0x00,0x00,0x00,0x02,
    0x00,0x00,0x10,0x00,0x00,0x00,0x00,0x52,0x00,0x00,0x10,0x00,0x05,0x10,0x00,0x02,
    0x00,0x00,0x10,0x00,0x00,0x10,0x00,0x02,0x00,0x05,0x10,0x00,0x05,0x10,0x00,0x02,
    0x00,0x33,0x33,0x33,0x30,0x00,0x00,0x02,0x33,0x33,0x33,0x33,0x33,0x33,0x33,0x32,
    0x00,0x00,0x00,0x00,0x00,0x00,0x00,0x02,0x00,0x00,0x00,0x00,0x00,0x00,0x00,0x02,
    /* Level 17 */
    0x00,0x00,0x00,0x00,0x00,0x00,0x00,0x72,0x00,0x00,0x00,0x00,0x00,0x00,0x00,0x02,
    0x00,0x00,0x00,0x00,0x00,0x00,0x00,0x02,0x00,0x03,0x33,0x00,0x00,0x00,0x00,0x02,
    0x00,0x01,0x00,0x00,0x00,0x00,0x00,0x02,0x00,0x00,0x00,0x00,0x00,0x00,0x00,0x02,
    0x00,0x01,0x00,0x00,0x00,0x00,0x00,0x02,0x00,0x01,0x00,0x00,0x00,0x00,0x00,0x52,
    0x00,0x33,0x33,0x33,0x02,0x00,0x00,0x52,0x00,0x01,0x00,0x00,0x01,0x00,0x00,0x02,
    0x00,0x01,0x00,0x00,0x00,0x00,0x00,0x02,0x00,0x02,0x00,0x00,0x01,0x00,0x00,0x02,
    0x00,0x51,0x00,0x00,0x01,0x00,0x00,0x02,0x00,0x02,0x00,0x00,0x21,0x00,0x00,0x02,
    0x00,0x01,0x00,0x05,0x21,0x00,0x00,0x02,0x00,0x02,0x03,0x33,0x31,0x03,0x33,0x52,
    0x00,0x00,0x00,0x00,0x81,0x00,0x00,0x02,0x00,0x00,0x00,0x00,0x01,0x00,0x00,0x02,
    0x00,0x00,0x00,0x00,0x52,0x00,0x00,0x02,0x00,0x00,0x00,0x00,0x21,0x00,0x00,0x02,
    0x00,0x00,0x00,0x00,0x11,0x00,0x00,0x02,0x00,0x00,0x00,0x00,0x21,0x00,0x00,0x02,
    0x00,0x00,0x00,0x05,0x11,0x00,0x00,0x52,0x00,0x00,0x00,0x05,0x12,0x00,0x00,0x02,
    0x00,0x00,0x00,0x00,0x02,0x00,0x00,0x02,0x00,0x33,0x33,0x00,0x51,0x00,0x00,0x02,
    0x00,0x00,0x00,0x00,0x00,0x00,0x00,0x02,0x33,0x33,0x33,0x33,0x33,0x33,0x33,0x32,
    /* Level 18 */
    0x00,0x00,0x00,0x00,0x00,0x00,0x00,0x72,0x00,0x00,0x00,0x00,0x00,0x00,0x00,0x02,
    0x00,0x00,0x00,0x00,0x00,0x20,0x00,0x02,0x00,0x00,0x00,0x53,0x33,0x33,0x33,0x02,
    0x00,0x00,0x00,0x00,0x00,0x00,0x00,0x02,0x00,0x00,0x00,0x00,0x00,0x10,0x00,0x02,
    0x00,0x00,0x00,0x00,0x00,0x10,0x00,0x52,0x00,0x00,0x00,0x00,0x00,0x20,0x00,0x52,
    0x00,0x00,0x00,0x00,0x00,0x10,0x00,0x52,0x00,0x00,0x00,0x00,0x00,0x10,0x00,0x12,
    0x00,0x00,0x00,0x00,0x00,0x10,0x00,0x12,0x00,0x00,0x00,0x00,0x00,0x10,0x00,0x12,
    0x00,0x00,0x01,0x00,0x05,0x10,0x00,0x22,0x00,0x00,0x01,0x00,0x00,0x10,0x05,0x12,
    0x00,0x00,0x02,0x00,0x00,0x10,0x00,0x22,0x00,0x00,0x00,0x00,0x00,0x03,0x33,0x32,
    0x00,0x00,0x00,0x00,0x00,0x00,0x00,0x12,0x00,0x00,0x00,0x00,0x00,0x00,0x00,0x12,
    0x00,0x00,0x02,0x00,0x40,0x00,0x08,0x12,0x00,0x00,0x00,0x00,0x40,0x00,0x00,0x12,
    0x00,0x00,0x00,0x00,0x40,0x00,0x01,0x12,0x00,0x40,0x00,0x00,0x40,0x00,0x81,0x12,
    0x00,0x43,0x33,0x00,0x40,0x00,0x01,0x02,0x00,0x40,0x03,0x33,0x33,0x00,0x01,0x52,
    0x33,0x33,0x33,0x33,0x33,0x33,0x33,0x32,0x00,0x00,0x00,0x00,0x00,0x00,0x00,0x02,
    0x00,0x00,0x00,0x00,0x00,0x00,0x00,0x02,0x00,0x00,0x00,0x00,0x00,0x00,0x00,0x02,
    /* Level 19 */
    0x00,0x00,0x00,0x00,0x00,0x00,0x00,0x72,0x00,0x00,0x00,0x00,0x00,0x00,0x00,0x52,
    0x00,0x00,0x00,0x00,0x00,0x00,0x00,0x02,0x00,0x00,0x00,0x00,0x00,0x00,0x00,0x02,
    0x00,0x00,0x00,0x00,0x00,0x00,0x00,0x02,0x00,0x00,0x00,0x00,0x00,0x00,0x00,0x02,
    0x00,0x00,0x00,0x00,0x10,0x00,0x00,0x02,0x00,0x00,0x00,0x00,0x10,0x00,0x00,0x02,
    0x00,0x00,0x00,0x00,0x10,0x00,0x00,0x02,0x00,0x01,0x00,0x00,0x10,0x00,0x00,0x52,
    0x00,0x01,0x00,0x03,0x33,0x30,0x00,0x02,0x00,0x00,0x00,0x05,0x33,0x33,0x00,0x02,
    0x00,0x51,0x00,0x01,0x10,0x10,0x00,0x02,0x00,0x01,0x00,0x51,0x10,0x20,0x00,0x02,
    0x00,0x51,0x00,0x81,0x08,0x10,0x00,0x02,0x00,0x00,0x00,0x00,0x10,0x00,0x00,0x02,
    0x00,0x00,0x00,0x03,0x33,0x30,0x00,0x02,0x00,0x00,0x00,0x00,0x10,0x00,0x00,0x02,
    0x00,0x00,0x00,0x01,0x10,0x00,0x00,0x02,0x00,0x00,0x00,0x01,0x10,0x00,0x00,0x02,
    0x00,0x00,0x00,0x01,0x10,0x00,0x00,0x02,0x00,0x00,0x00,0x02,0x00,0x00,0x00,0x02,
    0x00,0x00,0x00,0x52,0x00,0x00,0x00,0x02,0x00,0x00,0x00,0x02,0x00,0x00,0x00,0x02,
    0x00,0x00,0x00,0x01,0x00,0x00,0x00,0x02,0x00,0x00,0x00,0x00,0x00,0x00,0x00,0x02,
    0x00,0x00,0x00,0x00,0x00,0x00,0x00,0x02,0x33,0x33,0x33,0x33,0x33,0x33,0x33,0x32,
    /* Level 20 */
    0x00,0x00,0x00,0x00,0x00,0x00,0x00,0x72,0x00,0x00,0x00,0x00,0x00,0x00,0x00,0x52,
    0x00,0x00,0x00,0x00,0x00,0x00,0x00,0x52,0x00,0x00,0x00,0x00,0x00,0x00,0x00,0x02,
    0x00,0x00,0x00,0x00,0x00,0x00,0x00,0x52,0x00,0x00,0x00,0x00,0x00,0x00,0x00,0x02,
    0x00,0x04,0x00,0x00,0x00,0x00,0x00,0x02,0x00,0x04,0x00,0x00,0x52,0x00,0x00,0x52,
    0x00,0x04,0x00,0x00,0x01,0x00,0x00,0x02,0x00,0x04,0x00,0x00,0x01,0x00,0x00,0x52,
    0x00,0x04,0x00,0x00,0x02,0x00,0x00,0x02,0x00,0x04,0x00,0x00,0x00,0x00,0x00,0x12,
    0x00,0x04,0x00,0x03,0x33,0x33,0x30,0x22,0x00,0x00,0x01,0x00,0x00,0x00,0x00,0x12,
    0x00,0x00,0x02,0x00,0x81,0x00,0x00,0x12,0x00,0x00,0x01,0x00,0x00,0x00,0x00,0x12,
    0x00,0x00,0x01,0x00,0x00,0x00,0x00,0x02,0x00,0x00,0x01,0x00,0x00,0x00,0x00,0x12,
    0x00,0x00,0x00,0x00,0x00,0x00,0x00,0x12,0x00,0x00,0x00,0x00,0x00,0x00,0x00,0x82,
    0x00,0x00,0x33,0x33,0x30,0x03,0x33,0x02,0x00,0x00,0x00,0x00,0x00,0x00,0x00,0x02,
    0x00,0x00,0x33,0x33,0x30,0x00,0x00,0x02,0x33,0x33,0x33,0x33,0x33,0x33,0x33,0x52,
    0x00,0x00,0x00,0x00,0x00,0x00,0x00,0x02,0x00,0x00,0x00,0x00,0x00,0x00,0x00,0x52,
    0x00,0x00,0x00,0x00,0x00,0x00,0x00,0x02,0x00,0x00,0x00,0x00,0x00,0x00,0x00,0x02,
    /* Level 21 */
    0x00,0x00,0x00,0x00,0x00,0x00,0x00,0x72,0x00,0x00,0x00,0x00,0x00,0x00,0x33,0x33,
    0x00,0x00,0x00,0x00,0x00,0x00,0x00,0x02,0x00,0x00,0x00,0x00,0x00,0x00,0x00,0x02,
    0x00,0x00,0x20,0x00,0x00,0x00,0x00,0x02,0x00,0x05,0x10,0x10,0x00,0x00,0x00,0x02,
    0x00,0x00,0x10,0x10,0x00,0x00,0x00,0x02,0x00,0x00,0x00,0x10,0x05,0x33,0x33,0x02,
    0x00,0x00,0x05,0x10,0x00,0x00,0x00,0x02,0x00,0x00,0x10,0x10,0x00,0x00,0x00,0x52,
    0x00,0x00,0x00,0x10,0x00,0x00,0x00,0x02,0x00,0x00,0x05,0x10,0x00,0x00,0x00,0x02,
    0x00,0x00,0x00,0x20,0x00,0x00,0x00,0x02,0x00,0x00,0x00,0x10,0x01,0x00,0x00,0x52,
    0x00,0x00,0x00,0x10,0x01,0x00,0x00,0x02,0x00,0x00,0x00,0x10,0x81,0x00,0x00,0x52,
    0x00,0x00,0x00,0x20,0x51,0x00,0x00,0x02,0x00,0x00,0x00,0x00,0x01,0x00,0x00,0x82,
    0x00,0x00,0x00,0x10,0x00,0x00,0x00,0x02,0x00,0x00,0x00,0x10,0x00,0x00,0x00,0x02,
    0x00,0x00,0x00,0x00,0x01,0x00,0x00,0x02,0x00,0x33,0x33,0x00,0x01,0x00,0x00,0x52,
    0x00,0x00,0x00,0x00,0x02,0x00,0x00,0x02,0x33,0x33,0x33,0x33,0x33,0x33,0x33,0x32,
    0x00,0x00,0x00,0x00,0x33,0x33,0x30,0x02,0x00,0x00,0x00,0x00,0x00,0x00,0x00,0x52,
    0x00,0x00,0x00,0x00,0x00,0x00,0x00,0x02,0x00,0x00,0x00,0x00,0x00,0x00,0x00,0x02,
    /* Level 22 */
    0x00,0x00,0x00,0x00,0x00,0x00,0x00,0x72,0x00,0x00,0x04,0x00,0x33,0x33,0x30,0x02,
    0x00,0x00,0x04,0x00,0x00,0x00,0x00,0x02,0x00,0x00,0x04,0x00,0x00,0x00,0x10,0x02,
    0x00,0x00,0x04,0x00,0x10,0x00,0x20,0x02,0x00,0x02,0x04,0x00,0x10,0x00,0x10,0x02,
    0x00,0x51,0x00,0x20,0x10,0x00,0x20,0x02,0x00,0x01,0x00,0x20,0x10,0x00,0x10,0x02,
    0x00,0x01,0x05,0x10,0x10,0x05,0x10,0x02,0x00,0x00,0x00,0x10,0x10,0x00,0x10,0x02,
    0x00,0x02,0x00,0x10,0x10,0x00,0x10,0x12,0x00,0x40,0x00,0x00,0x20,0x00,0x15,0x12,
    0x00,0x40,0x00,0x00,0x10,0x03,0x33,0x33,0x00,0x40,0x00,0x33,0x33,0x00,0x20,0x12,
    0x00,0x40,0x00,0x00,0x20,0x00,0x10,0x12,0x00,0x40,0x00,0x00,0x10,0x00,0x18,0x12,
    0x00,0x40,0x00,0x00,0x25,0x33,0x33,0x33,0x00,0x40,0x00,0x00,0x10,0x00,0x10,0x22,
    0x00,0x00,0x00,0x00,0x00,0x00,0x00,0x52,0x00,0x00,0x00,0x00,0x10,0x00,0x00,0x02,
    0x00,0x00,0x00,0x00,0x20,0x00,0x10,0x02,0x00,0x00,0x00,0x00,0x00,0x00,0x00,0x12,
    0x00,0x00,0x00,0x00,0x00,0x00,0x00,0x02,0x00,0x00,0x00,0x00,0x00,0x00,0x00,0x02,
    0x33,0x33,0x33,0x33,0x33,0x33,0x33,0x32,0x00,0x00,0x00,0x00,0x00,0x00,0x00,0x02,
    0x00,0x00,0x00,0x00,0x00,0x00,0x00,0x02,0x00,0x00,0x00,0x00,0x00,0x00,0x00,0x02,
    /* Level 23 */
    0x00,0x00,0x00,0x00,0x00,0x00,0x00,0x72,0x00,0x00,0x00,0x00,0x00,0x00,0x00,0x02,
    0x00,0x00,0x00,0x00,0x00,0x00,0x00,0x52,0x00,0x00,0x00,0x00,0x00,0x00,0x00,0x02,
    0x00,0x00,0x00,0x00,0x00,0x00,0x00,0x52,0x00,0x02,0x00,0x00,0x00,0x00,0x00,0x02,
    0x00,0x02,0x00,0x00,0x00,0x00,0x00,0x02,0x00,0x51,0x00,0x00,0x00,0x00,0x00,0x02,
    0x00,0x00,0x00,0x00,0x00,0x00,0x00,0x02,0x00,0x00,0x00,0x00,0x00,0x00,0x00,0x02,
    0x00,0x00,0x00,0x00,0x00,0x00,0x00,0x02,0x00,0x83,0x33,0x30,0x00,0x00,0x00,0x02,
    0x00,0x01,0x00,0x03,0x33,0x30,0x00,0x02,0x00,0x01,0x00,0x00,0x00,0x00,0x00,0x52,
    0x00,0x51,0x00,0x00,0x00,0x00,0x00,0x02,0x00,0x33,0x33,0x30,0x00,0x00,0x00,0x02,
    0x00,0x01,0x00,0x00,0x00,0x00,0x00,0x52,0x00,0x02,0x00,0x00,0x00,0x00,0x00,0x02,
    0x00,0x01,0x01,0x00,0x00,0x00,0x00,0x02,0x00,0x02,0x02,0x00,0x00,0x05,0x10,0x82,
    0x00,0x01,0x01,0x00,0x00,0x00,0x10,0x02,0x00,0x03,0x33,0x33,0x00,0x00,0x20,0x02,
    0x00,0x00,0x00,0x00,0x00,0x05,0x10,0x02,0x00,0x00,0x01,0x00,0x00,0x00,0x10,0x02,
    0x00,0x00,0x01,0x00,0x00,0x00,0x10,0x02,0x33,0x33,0x31,0x33,0x33,0x33,0x33,0x32,
    0x00,0x00,0x51,0x00,0x00,0x00,0x10,0x52,0x00,0x00,0x00,0x00,0x00,0x00,0x00,0x02,
    /* Level 24 */
    0x00,0x00,0x00,0x00,0x00,0x00,0x00,0x72,0x00,0x00,0x00,0x00,0x00,0x00,0x00,0x02,
    0x00,0x00,0x00,0x00,0x00,0x00,0x00,0x02,0x00,0x00,0x00,0x00,0x00,0x00,0x04,0x02,
    0x00,0x00,0x00,0x00,0x00,0x00,0x04,0x02,0x00,0x00,0x10,0x00,0x00,0x00,0x04,0x02,
    0x00,0x00,0x20,0x04,0x00,0x00,0x04,0x02,0x00,0x00,0x20,0x04,0x00,0x00,0x04,0x52,
    0x00,0x00,0x10,0x03,0x33,0x33,0x30,0x02,0x00,0x00,0x10,0x04,0x00,0x51,0x00,0x02,
    0x00,0x00,0x10,0x04,0x00,0x81,0x00,0x02,0x00,0x00,0x10,0x00,0x01,0x01,0x00,0x02,
    0x00,0x00,0x10,0x00,0x52,0x02,0x00,0x02,0x00,0x00,0x10,0x00,0x02,0x01,0x00,0x02,
    0x00,0x00,0x10,0x00,0x01,0x01,0x00,0x02,0x00,0x00,0x10,0x00,0x02,0x33,0x33,0x33,
    0x00,0x00,0x00,0x00,0x00,0x03,0x33,0x33,0x00,0x00,0x00,0x00,0x01,0x00,0x01,0x02,
    0x00,0x00,0x00,0x00,0x01,0x00,0x02,0x02,0x00,0x00,0x00,0x00,0x01,0x00,0x00,0x82,
    0x00,0x00,0x01,0x00,0x03,0x33,0x32,0x02,0x00,0x03,0x33,0x00,0x01,0x01,0x01,0x02,
    0x00,0x00,0x00,0x00,0x02,0x01,0x01,0x52,0x00,0x00,0x01,0x00,0x01,0x01,0x52,0x02,
    0x00,0x00,0x01,0x00,0x02,0x01,0x01,0x02,0x00,0x00,0x01,0x00,0x01,0x00,0x01,0x02,
    0x00,0x00,0x00,0x00,0x02,0x00,0x00,0x02,0x33,0x33,0x33,0x33,0x33,0x33,0x33,0x32,
    /* Level 25 */
    0x00,0x00,0x00,0x00,0x00,0x00,0x00,0x72,0x00,0x00,0x00,0x00,0x00,0x00,0x33,0x33,
    0x00,0x00,0x00,0x00,0x00,0x00,0x00,0x02,0x00,0x00,0x00,0x00,0x00,0x00,0x00,0x02,
    0x00,0x00,0x00,0x00,0x00,0x00,0x00,0x02,0x00,0x03,0x33,0x33,0x30,0x10,0x00,0x02,
    0x00,0x03,0x33,0x01,0x00,0x11,0x00,0x02,0x00,0x00,0x00,0x01,0x00,0x22,0x00,0x02,
    0x00,0x00,0x00,0x03,0x33,0x33,0x00,0x02,0x00,0x00,0x00,0x01,0x20,0x00,0x00,0x52,
    0x00,0x00,0x00,0x02,0x10,0x10,0x00,0x02,0x00,0x00,0x00,0x01,0x20,0x11,0x00,0x02,
    0x00,0x00,0x00,0x01,0x10,0x01,0x00,0x82,0x00,0x00,0x00,0x01,0x20,0x01,0x00,0x02,
    0x00,0x00,0x00,0x01,0x10,0x01,0x00,0x02,0x00,0x00,0x00,0x01,0x00,0x01,0x00,0x02,
    0x00,0x00,0x00,0x51,0x00,0x01,0x51,0x02,0x00,0x00,0x00,0x51,0x20,0x53,0x33,0x33,
    0x00,0x00,0x00,0x00,0x10,0x51,0x00,0x02,0x00,0x00,0x00,0x00,0x20,0x01,0x02,0x02,
    0x00,0x00,0x00,0x00,0x10,0x01,0x52,0x02,0x00,0x00,0x00,0x01,0x10,0x01,0x01,0x02,
    0x00,0x00,0x00,0x01,0x10,0x01,0x01,0x02,0x00,0x00,0x00,0x01,0x00,0x00,0x01,0x02,
    0x33,0x33,0x33,0x33,0x33,0x33,0x33,0x32,0x00,0x00,0x00,0x00,0x00,0x00,0x00,0x02,
    0x00,0x00,0x00,0x00,0x00,0x00,0x00,0x02,0x00,0x00,0x00,0x00,0x00,0x00,0x00,0x02,
    /* Level 26 */
    0x00,0x00,0x00,0x00,0x00,0x00,0x00,0x72,0x00,0x01,0x00,0x00,0x00,0x00,0x00,0x52,
    0x00,0x01,0x00,0x00,0x00,0x00,0x00,0x02,0x00,0x02,0x00,0x00,0x00,0x00,0x00,0x02,
    0x00,0x02,0x00,0x00,0x01,0x00,0x00,0x02,0x00,0x00,0x00,0x00,0x01,0x33,0x30,0x02,
    0x00,0x00,0x10,0x00,0x01,0x00,0x00,0x02,0x00,0x00,0x20,0x00,0x01,0x00,0x00,0x02,
    0x00,0x51,0x00,0x00,0x01,0x00,0x00,0x02,0x00,0x01,0x00,0x00,0x01,0x00,0x00,0x02,
    0x00,0x01,0x00,0x00,0x02,0x00,0x00,0x02,0x00,0x51,0x20,0x00,0x02,0x00,0x00,0x02,
    0x00,0x01,0x00,0x00,0x01,0x00,0x00,0x02,0x00,0x01,0x00,0x00,0x00,0x00,0x00,0x52,
    0x00,0x01,0x00,0x00,0x00,0x00,0x33,0x33,0x00,0x52,0x00,0x00,0x00,0x00,0x00,0x02,
    0x00,0x01,0x00,0x03,0x33,0x33,0x32,0x52,0x00,0x01,0x00,0x00,0x00,0x00,0x01,0x52,
    0x00,0x01,0x00,0x00,0x00,0x00,0x01,0x02,0x00,0x00,0x00,0x00,0x00,0x00,0x01,0x02,
    0x00,0x00,0x00,0x00,0x00,0x00,0x01,0x82,0x00,0x40,0x00,0x00,0x00,0x00,0x00,0x02,
    0x00,0x40,0x00,0x03,0x33,0x33,0x33,0x02,0x33,0x43,0x33,0x33,0x33,0x33,0x33,0x32,
    0x00,0x40,0x00,0x00,0x00,0x00,0x00,0x02,0x00,0x00,0x00,0x00,0x00,0x00,0x00,0x02,
    0x00,0x00,0x00,0x00,0x00,0x00,0x00,0x02,0x00,0x00,0x00,0x00,0x00,0x00,0x00,0x02,
    /* Level 27 */
    0x00,0x00,0x00,0x00,0x00,0x00,0x00,0x72,0x00,0x00,0x00,0x00,0x00,0x00,0x00,0x02,
    0x00,0x00,0x00,0x00,0x00,0x00,0x00,0x02,0x00,0x00,0x00,0x00,0x00,0x00,0x00,0x02,
    0x00,0x00,0x00,0x00,0x10,0x00,0x00,0x02,0x00,0x00,0x00,0x05,0x10,0x00,0x00,0x02,
    0x00,0x00,0x00,0x00,0x10,0x00,0x00,0x02,0x00,0x00,0x00,0x00,0x10,0x00,0x10,0x02,
    0x00,0x00,0x00,0x00,0x00,0x04,0x20,0x02,0x00,0x00,0x00,0x00,0x10,0x04,0x00,0x02,
    0x00,0x00,0x00,0x00,0x00,0x04,0x00,0x52,0x00,0x00,0x00,0x00,0x00,0x04,0x10,0x02,
    0x00,0x00,0x00,0x00,0x05,0x14,0x10,0x52,0x00,0x00,0x00,0x00,0x00,0x20,0x33,0x33,
    0x00,0x00,0x00,0x00,0x00,0x40,0x10,0x02,0x00,0x00,0x00,0x00,0x00,0x10,0x00,0x02,
    0x00,0x33,0x30,0x00,0x00,0x10,0x00,0x02,0x00,0x00,0x33,0x33,0x05,0x10,0x00,0x02,
    0x00,0x00,0x00,0x00,0x33,0x33,0x33,0x02,0x00,0x00,0x00,0x00,0x00,0x00,0x01,0x02,
    0x00,0x00,0x00,0x00,0x00,0x00,0x51,0x52,0x00,0x00,0x00,0x00,0x00,0x00,0x01,0x02,
    0x00,0x00,0x00,0x00,0x00,0x00,0x52,0x02,0x00,0x00,0x00,0x00,0x00,0x00,0x01,0x02,
    0x33,0x33,0x33,0x33,0x33,0x33,0x33,0x32,0x00,0x00,0x00,0x00,0x00,0x00,0x00,0x02,
    0x00,0x00,0x00,0x00,0x00,0x00,0x00,0x82,0x00,0x00,0x00,0x00,0x00,0x00,0x00,0x02,
    /* Level 28 */
    0x00,0x00,0x00,0x00,0x00,0x00,0x00,0x72,0x00,0x00,0x00,0x00,0x00,0x00,0x00,0x02,
    0x00,0x00,0x00,0x00,0x00,0x00,0x00,0x22,0x00,0x00,0x00,0x00,0x00,0x00,0x00,0x12,
    0x00,0x00,0x00,0x00,0x00,0x00,0x33,0x33,0x00,0x00,0x00,0x00,0x00,0x00,0x00,0x12,
    0x00,0x00,0x00,0x00,0x00,0x00,0x05,0x12,0x00,0x00,0x00,0x00,0x00,0x03,0x33,0x33,
    0x00,0x00,0x00,0x00,0x04,0x00,0x00,0x12,0x00,0x00,0x00,0x00,0x04,0x00,0x01,0x22,
    0x00,0x00,0x00,0x00,0x04,0x00,0x81,0x12,0x00,0x00,0x00,0x83,0x33,0x33,0x01,0x12,
    0x00,0x00,0x00,0x00,0x04,0x00,0x01,0x12,0x00,0x00,0x00,0x00,0x04,0x00,0x01,0x12,
    0x00,0x01,0x00,0x00,0x04,0x00,0x00,0x02,0x00,0x01,0x00,0x00,0x04,0x00,0x00,0x02,
    0x00,0x01,0x00,0x00,0x00,0x00,0x00,0x02,0x00,0x51,0x00,0x00,0x00,0x01,0x05,0x12,
    0x00,0x02,0x00,0x00,0x00,0x01,0x33,0x32,0x00,0x02,0x00,0x00,0x01,0x01,0x00,0x02,
    0x00,0x00,0x00,0x00,0x01,0x51,0x00,0x02,0x00,0x52,0x00,0x00,0x01,0x01,0x00,0x52,
    0x00,0x01,0x00,0x00,0x01,0x00,0x00,0x02,0x00,0x01,0x00,0x00,0x00,0x00,0x00,0x02,
    0x00,0x00,0x00,0x00,0x01,0x00,0x00,0x02,0x00,0x00,0x00,0x00,0x00,0x00,0x00,0x02,
    0x00,0x00,0x00,0x00,0x00,0x00,0x00,0x02,0x33,0x33,0x33,0x33,0x33,0x33,0x33,0x32,
    /* Level 29 */
    0x00,0x00,0x00,0x00,0x00,0x00,0x00,0x72,0x00,0x00,0x10,0x00,0x00,0x00,0x00,0x52,
    0x00,0x00,0x10,0x00,0x00,0x00,0x00,0x02,0x00,0x00,0x10,0x00,0x00,0x00,0x00,0x02,
    0x00,0x00,0x20,0x00,0x00,0x00,0x00,0x02,0x00,0x00,0x00,0x00,0x00,0x00,0x00,0x02,
    0x00,0x00,0x00,0x00,0x00,0x10,0x00,0x02,0x00,0x00,0x00,0x03,0x33,0x33,0x30,0x02,
    0x00,0x00,0x10,0x00,0x00,0x10,0x00,0x02,0x00,0x00,0x10,0x00,0x05,0x20,0x00,0x52,
    0x00,0x00,0x10,0x00,0x00,0x23,0x33,0x02,0x00,0x00,0x20,0x00,0x00,0x20,0x00,0x02,
    0x00,0x05,0x20,0x01,0x00,0x00,0x00,0x02,0x00,0x00,0x00,0x01,0x00,0x00,0x00,0x02,
    0x00,0x00,0x00,0x01,0x00,0x00,0x00,0x02,0x00,0x00,0x00,0x03,0x33,0x33,0x00,0x02,
    0x00,0x00,0x00,0x01,0x00,0x00,0x00,0x82,0x00,0x00,0x00,0x00,0x00,0x00,0x00,0x02,
    0x00,0x00,0x00,0x00,0x51,0x01,0x00,0x02,0x00,0x00,0x00,0x00,0x01,0x51,0x04,0x02,
    0x00,0x00,0x00,0x00,0x00,0x01,0x04,0x02,0x00,0x00,0x03,0x33,0x00,0x01,0x04,0x02,
    0x00,0x00,0x00,0x00,0x01,0x01,0x04,0x02,0x00,0x00,0x00,0x00,0x01,0x01,0x00,0x02,
    0x00,0x00,0x00,0x00,0x02,0x00,0x00,0x02,0x00,0x00,0x00,0x00,0x02,0x51,0x00,0x02,
    0x00,0x00,0x00,0x00,0x01,0x00,0x00,0x02,0x33,0x33,0x33,0x33,0x33,0x33,0x33,0x32,
    /* Level 30 */
    0x00,0x00,0x00,0x00,0x00,0x00,0x00,0x72,0x00,0x00,0x00,0x00,0x00,0x00,0x00,0x02,
    0x00,0x00,0x00,0x00,0x00,0x00,0x00,0x02,0x00,0x00,0x00,0x00,0x00,0x00,0x00,0x02,
    0x00,0x00,0x00,0x00,0x00,0x00,0x20,0x02,0x00,0x00,0x02,0x00,0x00,0x05,0x20,0x02,
    0x00,0x00,0x01,0x03,0x33,0x00,0x10,0x02,0x00,0x00,0x01,0x00,0x00,0x00,0x10,0x02,
    0x00,0x00,0x01,0x00,0x00,0x00,0x10,0x52,0x00,0x00,0x01,0x00,0x00,0x00,0x10,0x02,
    0x00,0x00,0x01,0x00,0x00,0x00,0x10,0x02,0x00,0x00,0x01,0x00,0x00,0x00,0x10,0x02,
    0x00,0x00,0x01,0x00,0x00,0x00,0x22,0x02,0x00,0x00,0x01,0x00,0x00,0x00,0x11,0x02,
    0x00,0x00,0x01,0x00,0x00,0x00,0x02,0x52,0x00,0x00,0x02,0x00,0x00,0x00,0x01,0x02,
    0x00,0x00,0x52,0x00,0x00,0x05,0x33,0x33,0x00,0x00,0x01,0x00,0x00,0x05,0x10,0x02,
    0x00,0x00,0x00,0x00,0x00,0x00,0x20,0x02,0x00,0x00,0x00,0x00,0x00,0x00,0x11,0x52,
    0x00,0x00,0x01,0x00,0x00,0x00,0x01,0x02,0x00,0x00,0x00,0x00,0x00,0x00,0x01,0x52,
    0x00,0x00,0x03,0x33,0x33,0x30,0x00,0x52,0x33,0x33,0x33,0x33,0x33,0x33,0x33,0x32,
    0x00,0x00,0x00,0x00,0x00,0x00,0x00,0x02,0x00,0x00,0x00,0x00,0x00,0x00,0x00,0x02,
    0x00,0x00,0x00,0x03,0x33,0x00,0x00,0x82,0x00,0x00,0x00,0x00,0x00,0x00,0x00,0x02,
    /* Level 31 */
    0x00,0x00,0x00,0x00,0x00,0x00,0x00,0x72,0x00,0x00,0x00,0x00,0x52,0x00,0x00,0x02,
    0x00,0x00,0x00,0x00,0x01,0x00,0x00,0x02,0x00,0x00,0x00,0x00,0x01,0x03,0x33,0x02,
    0x00,0x00,0x00,0x00,0x01,0x00,0x00,0x02,0x00,0x00,0x00,0x00,0x01,0x00,0x00,0x02,
    0x00,0x00,0x00,0x00,0x00,0x00,0x00,0x02,0x00,0x00,0x00,0x00,0x00,0x00,0x02,0x02,
    0x00,0x00,0x00,0x00,0x00,0x00,0x01,0x52,0x00,0x00,0x53,0x33,0x33,0x00,0x51,0x02,
    0x00,0x00,0x00,0x00,0x01,0x00,0x51,0x02,0x00,0x00,0x00,0x00,0x01,0x00,0x01,0x02,
    0x00,0x00,0x00,0x00,0x00,0x01,0x81,0x02,0x00,0x00,0x00,0x00,0x00,0x51,0x02,0x52,
    0x00,0x00,0x00,0x00,0x00,0x01,0x02,0x02,0x00,0x00,0x00,0x00,0x00,0x02,0x00,0x02,
    0x00,0x00,0x00,0x00,0x00,0x52,0x00,0x82,0x00,0x00,0x00,0x00,0x00,0x02,0x01,0x02,
    0x00,0x00,0x00,0x00,0x00,0x51,0x01,0x52,0x00,0x00,0x01,0x00,0x00,0x02,0x81,0x52,
    0x00,0x00,0x51,0x10,0x00,0x21,0x33,0x33,0x00,0x00,0x42,0x20,0x00,0x11,0x04,0x02,
    0x00,0x00,0x42,0x20,0x00,0x20,0x04,0x02,0x33,0x33,0x41,0x13,0x33,0x13,0x33,0x32,
    0x00,0x00,0x40,0x10,0x33,0x33,0x33,0x52,0x00,0x00,0x40,0x00,0x00,0x00,0x00,0x52,
    0x00,0x00,0x40,0x00,0x00,0x00,0x00,0x02,0x00,0x00,0x00,0x00,0x00,0x00,0x00,0x02,
    /* Level 32 */
    0x00,0x00,0x00,0x00,0x00,0x00,0x00,0x72,0x00,0x00,0x00,0x00,0x00,0x00,0x00,0x02,
    0x00,0x00,0x00,0x00,0x00,0x00,0x33,0x33,0x00,0x00,0x00,0x00,0x51,0x00,0x00,0x02,
    0x00,0x00,0x00,0x00,0x01,0x00,0x00,0x02,0x00,0x01,0x00,0x00,0x01,0x00,0x00,0x02,
    0x00,0x51,0x00,0x00,0x02,0x10,0x00,0x12,0x00,0x01,0x00,0x00,0x01,0x10,0x00,0x22,
    0x00,0x01,0x00,0x33,0x33,0x33,0x05,0x12,0x00,0x52,0x00,0x00,0x00,0x00,0x00,0x52,
    0x00,0x01,0x00,0x00,0x00,0x00,0x00,0x12,0x00,0x51,0x00,0x00,0x01,0x10,0x00,0x12,
    0x00,0x01,0x00,0x00,0x02,0x10,0x00,0x22,0x00,0x01,0x00,0x33,0x33,0x10,0x00,0x12,
    0x00,0x01,0x00,0x00,0x00,0x20,0x00,0x12,0x00,0x02,0x00,0x00,0x00,0x10,0x00,0x12,
    0x00,0x01,0x00,0x04,0x00,0x00,0x00,0x12,0x00,0x00,0x33,0x34,0x00,0x00,0x00,0x52,
    0x00,0x00,0x81,0x14,0x00,0x00,0x00,0x02,0x00,0x00,0x01,0x14,0x00,0x00,0x01,0x02,
    0x00,0x02,0x51,0x24,0x00,0x00,0x01,0x02,0x00,0x01,0x33,0x33,0x00,0x00,0x52,0x02,
    0x00,0x01,0x00,0x00,0x00,0x00,0x01,0x02,0x00,0x00,0x81,0x10,0x00,0x00,0x82,0x02,
    0x00,0x00,0x01,0x00,0x00,0x00,0x00,0x02,0x33,0x33,0x33,0x33,0x33,0x33,0x52,0x52,
    0x00,0x00,0x00,0x00,0x00,0x00,0x01,0x02,0x00,0x00,0x00,0x00,0x00,0x00,0x00,0x02,
    /* Level 33 */
    0x00,0x00,0x00,0x00,0x00,0x00,0x00,0x72,0x00,0x00,0x00,0x00,0x00,0x00,0x33,0x33,
    0x00,0x00,0x51,0x00,0x00,0x00,0x00,0x02,0x00,0x00,0x01,0x00,0x00,0x00,0x00,0x02,
    0x00,0x00,0x01,0x00,0x00,0x00,0x00,0x02,0x00,0x00,0x01,0x00,0x00,0x00,0x00,0x02,
    0x00,0x03,0x33,0x30,0x00,0x00,0x04,0x02,0x00,0x00,0x00,0x00,0x00,0x00,0x04,0x52,
    0x00,0x00,0x00,0x00,0x00,0x00,0x04,0x02,0x00,0x02,0x00,0x00,0x00,0x00,0x00,0x02,
    0x00,0x51,0x00,0x00,0x00,0x00,0x00,0x02,0x00,0x01,0x04,0x05,0x20,0x00,0x00,0x02,
    0x00,0x00,0x04,0x05,0x10,0x04,0x00,0x02,0x00,0x00,0x04,0x00,0x10,0x04,0x00,0x02,
    0x00,0x52,0x04,0x00,0x20,0x04,0x00,0x52,0x00,0x01,0x04,0x33,0x33,0x34,0x00,0x02,
    0x00,0x01,0x04,0x00,0x10,0x04,0x00,0x02,0x00,0x01,0x04,0x00,0x20,0x04,0x00,0x02,
    0x00,0x81,0x04,0x53,0x33,0x33,0x30,0x52,0x00,0x01,0x00,0x00,0x02,0x00,0x00,0x02,
    0x00,0x01,0x00,0x00,0x11,0x00,0x00,0x02,0x00,0x01,0x00,0x00,0x12,0x00,0x00,0x52,
    0x00,0x02,0x00,0x00,0x10,0x00,0x00,0x02,0x00,0x00,0x00,0x00,0x10,0x00,0x00,0x02,
    0x00,0x00,0x00,0x00,0x00,0x00,0x00,0x82,0x00,0x00,0x00,0x00,0x00,0x00,0x00,0x52,
    0x00,0x00,0x00,0x00,0x00,0x00,0x00,0x02,0x33,0x33,0x33,0x33,0x33,0x33,0x33,0x32,
    /* Level 34 */
    0x00,0x00,0x00,0x00,0x00,0x00,0x00,0x72,0x00,0x00,0x00,0x00,0x00,0x00,0x00,0x02,
    0x00,0x00,0x00,0x00,0x00,0x00,0x00,0x02,0x00,0x00,0x00,0x00,0x00,0x00,0x04,0x02,
    0x00,0x00,0x00,0x00,0x00,0x00,0x04,0x02,0x00,0x00,0x10,0x00,0x01,0x00,0x04,0x52,
    0x00,0x00,0x10,0x00,0x51,0x00,0x00,0x02,0x00,0x00,0x20,0x00,0x01,0x00,0x00,0x02,
    0x00,0x40,0x10,0x05,0x11,0x00,0x00,0x02,0x00,0x45,0x10,0x05,0x12,0x00,0x00,0x02,
    0x00,0x40,0x10,0x00,0x11,0x00,0x00,0x52,0x00,0x40,0x00,0x03,0x33,0x00,0x00,0x02,
    0x00,0x82,0x00,0x53,0x33,0x33,0x33,0x33,0x00,0x01,0x00,0x00,0x11,0x00,0x40,0x02,
    0x00,0x01,0x10,0x00,0x02,0x00,0x40,0x02,0x00,0x01,0x00,0x00,0x00,0x00,0x40,0x02,
    0x00,0x01,0x00,0x00,0x11,0x00,0x00,0x52,0x00,0x52,0x00,0x00,0x10,0x00,0x00,0x02,
    0x00,0x01,0x00,0x00,0x10,0x00,0x00,0x02,0x00,0x01,0x00,0x00,0x00,0x00,0x00,0x02,
    0x00,0x00,0x33,0x33,0x33,0x00,0x00,0x52,0x00,0x01,0x00,0x00,0x00,0x00,0x00,0x02,
    0x00,0x01,0x00,0x00,0x33,0x33,0x33,0x02,0x33,0x33,0x33,0x33,0x33,0x33,0x33,0x82,
    0x00,0x00,0x00,0x00,0x00,0x00,0x00,0x02,0x00,0x00,0x05,0x33,0x33,0x00,0x00,0x52,
    0x00,0x00,0x00,0x00,0x00,0x00,0x00,0x02,0x00,0x00,0x00,0x00,0x00,0x00,0x00,0x02,
    /* Level 35 */
    0x00,0x00,0x00,0x00,0x00,0x00,0x00,0x72,0x00,0x00,0x00,0x00,0x00,0x01,0x00,0x02,
    0x00,0x03,0x33,0x33,0x00,0x01,0x00,0x52,0x00,0x33,0x30,0x00,0x00,0x01,0x00,0x02,
    0x00,0x00,0x40,0x00,0x00,0x51,0x00,0x52,0x00,0x00,0x40,0x00,0x00,0x51,0x00,0x02,
    0x00,0x00,0x40,0x00,0x01,0x51,0x00,0x02,0x00,0x00,0x40,0x00,0x02,0x02,0x00,0x02,
    0x00,0x00,0x40,0x00,0x00,0x01,0x00,0x02,0x00,0x00,0x40,0x00,0x01,0x01,0x00,0x52,
    0x00,0x04,0x40,0x00,0x01,0x00,0x00,0x02,0x00,0x04,0x40,0x53,0x33,0x33,0x30,0x52,
    0x00,0x04,0x00,0x00,0x00,0x01,0x10,0x82,0x00,0x04,0x82,0x00,0x00,0x01,0x10,0x02,
    0x00,0x04,0x33,0x33,0x00,0x01,0x10,0x02,0x00,0x04,0x01,0x00,0x00,0x03,0x33,0x33,
    0x00,0x04,0x51,0x00,0x00,0x00,0x10,0x02,0x00,0x04,0x51,0x00,0x00,0x00,0x00,0x02,
    0x00,0x04,0x82,0x00,0x00,0x00,0x00,0x52,0x00,0x04,0x01,0x00,0x00,0x00,0x00,0x02,
    0x00,0x04,0x02,0x00,0x00,0x00,0x00,0x52,0x00,0x00,0x00,0x00,0x00,0x00,0x00,0x02,
    0x00,0x00,0x01,0x33,0x33,0x00,0x00,0x02,0x00,0x00,0x51,0x00,0x00,0x00,0x00,0x02,
    0x00,0x00,0x02,0x00,0x00,0x00,0x00,0x02,0x00,0x00,0x01,0x00,0x00,0x00,0x00,0x02,
    0x00,0x00,0x00,0x00,0x00,0x00,0x00,0x02,0x33,0x33,0x33,0x33,0x33,0x33,0x33,0x32,
    /* Level 36 */
    0x00,0x00,0x00,0x00,0x00,0x00,0x00,0x72,0x00,0x00,0x00,0x00,0x00,0x00,0x00,0x02,
    0x00,0x00,0x00,0x00,0x00,0x00,0x00,0x02,0x00,0x00,0x00,0x00,0x53,0x33,0x00,0x02,
    0x00,0x00,0x00,0x00,0x00,0x01,0x00,0x02,0x00,0x00,0x00,0x00,0x00,0x51,0x00,0x52,
    0x00,0x00,0x00,0x00,0x00,0x01,0x00,0x02,0x00,0x00,0x00,0x00,0x00,0x00,0x00,0x02,
    0x00,0x00,0x00,0x00,0x00,0x51,0x00,0x02,0x00,0x00,0x00,0x00,0x00,0x81,0x00,0x02,
    0x00,0x01,0x00,0x03,0x33,0x31,0x00,0x12,0x00,0x01,0x00,0x00,0x04,0x01,0x00,0x12,
    0x00,0x51,0x00,0x00,0x04,0x01,0x00,0x12,0x00,0x51,0x00,0x00,0x04,0x00,0x00,0x12,
    0x00,0x01,0x00,0x00,0x04,0x00,0x05,0x12,0x00,0x00,0x00,0x00,0x04,0x00,0x40,0x02,
    0x00,0x00,0x00,0x00,0x04,0x00,0x40,0x12,0x00,0x00,0x10,0x00,0x04,0x00,0x40,0x12,
    0x00,0x00,0x20,0x00,0x00,0x00,0x40,0x12,0x00,0x00,0x10,0x00,0x00,0x00,0x45,0x12,
    0x00,0x00,0x10,0x00,0x00,0x00,0x45,0x12,0x00,0x00,0x10,0x00,0x00,0x00,0x00,0x12,
    0x00,0x05,0x10,0x00,0x00,0x00,0x00,0x12,0x00,0x00,0x10,0x00,0x03,0x33,0x33,0x32,
    0x33,0x33,0x33,0x33,0x33,0x33,0x33,0x82,0x00,0x00,0x00,0x00,0x03,0x33,0x30,0x02,
    0x00,0x00,0x20,0x00,0x00,0x00,0x00,0x52,0x00,0x00,0x00,0x00,0x00,0x00,0x00,0x02,
    /* Level 37 */
    0x00,0x00,0x00,0x00,0x00,0x00,0x00,0x72,0x00,0x00,0x00,0x00,0x00,0x00,0x00,0x02,
    0x00,0x00,0x00,0x00,0x00,0x05,0x10,0x02,0x00,0x00,0x33,0x33,0x20,0x05,0x10,0x52,
    0x00,0x00,0x10,0x00,0x10,0x00,0x20,0x02,0x00,0x00,0x10,0x00,0x10,0x05,0x20,0x02,
    0x00,0x00,0x10,0x00,0x10,0x05,0x10,0x02,0x00,0x00,0x00,0x00,0x20,0x00,0x10,0x02,
    0x00,0x00,0x00,0x00,0x10,0x00,0x33,0x33,0x00,0x05,0x10,0x00,0x10,0x05,0x12,0x52,
    0x00,0x00,0x00,0x00,0x10,0x28,0x21,0x02,0x00,0x00,0x00,0x00,0x28,0x20,0x02,0x02,
    0x00,0x00,0x00,0x00,0x10,0x00,0x02,0x12,0x00,0x00,0x00,0x05,0x20,0x00,0x81,0x12,
    0x00,0x00,0x00,0x00,0x20,0x00,0x10,0x12,0x00,0x00,0x00,0x00,0x00,0x25,0x15,0x12,
    0x00,0x00,0x00,0x00,0x33,0x33,0x33,0x02,0x00,0x00,0x00,0x00,0x00,0x00,0x00,0x02,
    0x00,0x00,0x00,0x00,0x00,0x00,0x00,0x02,0x00,0x00,0x04,0x00,0x00,0x00,0x00,0x02,
    0x00,0x00,0x04,0x00,0x00,0x00,0x00,0x02,0x00,0x00,0x04,0x00,0x00,0x00,0x00,0x52,
    0x00,0x00,0x04,0x00,0x00,0x00,0x00,0x52,0x33,0x33,0x34,0x33,0x33,0x33,0x33,0x32,
    0x00,0x00,0x04,0x00,0x00,0x00,0x33,0x33,0x00,0x00,0x04,0x00,0x00,0x00,0x00,0x52,
    0x00,0x00,0x04,0x00,0x00,0x00,0x00,0x02,0x00,0x00,0x00,0x00,0x00,0x00,0x00,0x02,
    /* Level 38 */
    0x00,0x00,0x00,0x00,0x00,0x00,0x00,0x72,0x00,0x00,0x33,0x30,0x00,0x00,0x00,0x02,
    0x00,0x00,0x51,0x00,0x00,0x00,0x00,0x02,0x00,0x00,0x52,0x00,0x00,0x00,0x00,0x02,
    0x00,0x04,0x01,0x00,0x00,0x00,0x00,0x52,0x00,0x04,0x01,0x00,0x00,0x00,0x00,0x02,
    0x00,0x04,0x01,0x00,0x00,0x00,0x00,0x02,0x00,0x04,0x00,0x00,0x00,0x00,0x00,0x02,
    0x00,0x04,0x00,0x00,0x00,0x00,0x00,0x02,0x00,0x04,0x51,0x00,0x00,0x00,0x00,0x02,
    0x00,0x03,0x33,0x33,0x30,0x00,0x00,0x02,0x00,0x00,0x01,0x00,0x00,0x00,0x00,0x02,
    0x00,0x00,0x01,0x00,0x00,0x00,0x00,0x52,0x00,0x00,0x00,0x00,0x00,0x00,0x00,0x02,
    0x00,0x00,0x00,0x00,0x00,0x00,0x00,0x52,0x00,0x00,0x00,0x00,0x00,0x81,0x00,0x02,
    0x00,0x00,0x00,0x00,0x00,0x51,0x00,0x02,0x00,0x00,0x00,0x00,0x00,0x02,0x02,0x02,
    0x00,0x00,0x00,0x00,0x00,0x01,0x01,0x52,0x00,0x00,0x05,0x10,0x00,0x51,0x01,0x02,
    0x00,0x33,0x33,0x30,0x00,0x04,0x02,0x02,0x00,0x00,0x05,0x10,0x00,0x04,0x01,0x52,
    0x00,0x00,0x00,0x00,0x00,0x04,0x01,0x82,0x00,0x00,0x00,0x00,0x00,0x04,0x33,0x33,
    0x00,0x00,0x00,0x10,0x00,0x00,0x02,0x82,0x00,0x00,0x00,0x00,0x00,0x00,0x00,0x02,
    0x33,0x33,0x33,0x33,0x33,0x33,0x33,0x52,0x00,0x00,0x00,0x00,0x00,0x00,0x00,0x02,
    /* Level 39 */
    0x00,0x00,0x00,0x00,0x00,0x00,0x00,0x72,0x00,0x00,0x00,0x21,0x00,0x00,0x00,0x02,
    0x00,0x00,0x00,0x21,0x00,0x00,0x00,0x02,0x00,0x00,0x00,0x21,0x33,0x33,0x00,0x02,
    0x00,0x00,0x00,0x11,0x00,0x00,0x00,0x02,0x00,0x00,0x00,0x12,0x00,0x00,0x00,0x02,
    0x00,0x00,0x00,0x21,0x00,0x00,0x00,0x52,0x00,0x00,0x00,0x01,0x03,0x33,0x00,0x02,
    0x00,0x00,0x00,0x21,0x00,0x00,0x00,0x02,0x00,0x00,0x40,0x11,0x00,0x00,0x00,0x02,
    0x00,0x03,0x33,0x21,0x00,0x00,0x00,0x02,0x00,0x00,0x40,0x11,0x01,0x00,0x00,0x12,
    0x00,0x00,0x05,0x11,0x52,0x00,0x00,0x12,0x00,0x00,0x00,0x00,0x12,0x00,0x08,0x12,
    0x00,0x01,0x00,0x02,0x12,0x00,0x00,0x12,0x00,0x01,0x00,0x01,0x12,0x83,0x33,0x33,
    0x00,0x02,0x01,0x52,0x22,0x00,0x00,0x02,0x00,0x01,0x01,0x01,0x10,0x00,0x00,0x52,
    0x00,0x01,0x02,0x01,0x52,0x00,0x08,0x12,0x00,0x00,0x00,0x00,0x00,0x00,0x00,0x12,
    0x00,0x00,0x00,0x00,0x00,0x00,0x00,0x12,0x00,0x00,0x01,0x00,0x20,0x00,0x00,0x02,
    0x00,0x00,0x01,0x00,0x10,0x00,0x00,0x02,0x00,0x00,0x01,0x00,0x05,0x33,0x33,0x32,
    0x00,0x00,0x01,0x00,0x00,0x00,0x00,0x02,0x00,0x00,0x01,0x00,0x00,0x00,0x00,0x02,
    0x00,0x00,0x52,0x00,0x00,0x00,0x33,0x32,0x33,0x33,0x33,0x33,0x33,0x33,0x33,0x32,
    /* Level 40 */
    0x00,0x00,0x00,0x00,0x00,0x00,0x00,0x72,0x00,0x33,0x33,0x00,0x00,0x00,0x00,0x02,
    0x00,0x00,0x00,0x00,0x00,0x00,0x00,0x02,0x00,0x00,0x00,0x00,0x00,0x00,0x00,0x02,
    0x00,0x00,0x00,0x00,0x00,0x00,0x00,0x52,0x00,0x00,0x00,0x00,0x00,0x00,0x00,0x52,
    0x00,0x00,0x00,0x00,0x00,0x00,0x00,0x02,0x00,0x05,0x10,0x00,0x00,0x00,0x00,0x02,
    0x00,0x00,0x20,0x00,0x00,0x00,0x00,0x02,0x00,0x05,0x20,0x33,0x33,0x33,0x00,0x02,
    0x00,0x05,0x10,0x00,0x00,0x00,0x00,0x02,0x00,0x05,0x10,0x00,0x00,0x00,0x00,0x52,
    0x00,0x05,0x20,0x00,0x01,0x00,0x00,0x02,0x00,0x00,0x10,0x00,0x02,0x01,0x00,0x02,
    0x00,0x00,0x00,0x00,0x01,0x11,0x00,0x82,0x00,0x00,0x00,0x00,0x02,0x10,0x00,0x02,
    0x00,0x00,0x00,0x00,0x02,0x10,0x00,0x02,0x00,0x00,0x10,0x00,0x00,0x21,0x00,0x52,
    0x00,0x00,0x10,0x00,0x03,0x33,0x30,0x02,0x00,0x00,0x00,0x33,0x33,0x33,0x00,0x22,
    0x00,0x00,0x00,0x00,0x01,0x00,0x05,0x12,0x00,0x04,0x00,0x00,0x00,0x10,0x00,0x02,
    0x00,0x04,0x00,0x00,0x00,0x10,0x05,0x12,0x00,0x04,0x00,0x00,0x00,0x20,0x05,0x22,
    0x00,0x04,0x00,0x00,0x00,0x10,0x08,0x12,0x00,0x04,0x00,0x00,0x00,0x00,0x00,0x02,
    0x00,0x04,0x00,0x00,0x00,0x00,0x00,0x02,0x33,0x33,0x33,0x33,0x33,0x33,0x33,0x32,
    /* Level 41 */
    0x00,0x00,0x00,0x00,0x00,0x00,0x00,0x72,0x00,0x00,0x00,0x00,0x00,0x00,0x00,0x02,
    0x00,0x00,0x00,0x00,0x00,0x00,0x00,0x02,0x00,0x00,0x00,0x00,0x00,0x00,0x51,0x52,
    0x00,0x00,0x00,0x01,0x00,0x00,0x01,0x02,0x00,0x00,0x00,0x02,0x00,0x00,0x00,0x52,
    0x00,0x03,0x33,0x33,0x00,0x00,0x00,0x02,0x00,0x00,0x00,0x13,0x33,0x30,0x01,0x02,
    0x00,0x00,0x00,0x10,0x33,0x33,0x33,0x02,0x00,0x00,0x00,0x10,0x00,0x03,0x33,0x33,
    0x00,0x00,0x00,0x21,0x00,0x51,0x00,0x02,0x00,0x00,0x00,0x11,0x00,0x51,0x00,0x82,
    0x00,0x00,0x00,0x11,0x00,0x02,0x00,0x02,0x00,0x00,0x00,0x11,0x00,0x01,0x00,0x02,
    0x00,0x00,0x00,0x21,0x00,0x51,0x00,0x02,0x00,0x00,0x00,0x11,0x00,0x02,0x00,0x02,
    0x00,0x00,0x00,0x04,0x00,0x01,0x00,0x02,0x00,0x00,0x05,0x14,0x00,0x01,0x00,0x02,
    0x00,0x00,0x08,0x14,0x00,0x01,0x00,0x02,0x00,0x00,0x00,0x14,0x00,0x00,0x00,0x02,
    0x00,0x00,0x00,0x14,0x33,0x32,0x00,0x02,0x00,0x00,0x00,0x14,0x00,0x01,0x00,0x02,
    0x00,0x00,0x00,0x24,0x00,0x01,0x00,0x02,0x33,0x33,0x33,0x34,0x33,0x31,0x33,0x32,
    0x00,0x00,0x00,0x00,0x00,0x01,0x00,0x02,0x00,0x00,0x00,0x00,0x00,0x05,0x33,0x33,
    0x00,0x00,0x00,0x00,0x00,0x00,0x00,0x52,0x00,0x00,0x00,0x00,0x00,0x00,0x00,0x02,
    /* Level 42 */
    0x00,0x00,0x00,0x00,0x00,0x00,0x00,0x72,0x00,0x00,0x00,0x00,0x00,0x00,0x00,0x02,
    0x00,0x00,0x00,0x00,0x00,0x00,0x00,0x52,0x00,0x00,0x10,0x03,0x33,0x33,0x30,0x52,
    0x00,0x05,0x10,0x00,0x00,0x40,0x00,0x02,0x00,0x00,0x10,0x00,0x00,0x40,0x00,0x02,
    0x00,0x00,0x20,0x00,0x00,0x40,0x00,0x02,0x00,0x05,0x10,0x00,0x10,0x40,0x00,0x02,
    0x00,0x00,0x10,0x05,0x10,0x40,0x00,0x52,0x00,0x00,0x10,0x00,0x20,0x40,0x00,0x52,
    0x00,0x00,0x10,0x00,0x20,0x40,0x00,0x22,0x00,0x00,0x10,0x00,0x20,0x00,0x00,0x12,
    0x00,0x00,0x10,0x00,0x20,0x00,0x05,0x22,0x00,0x00,0x33,0x33,0x20,0x00,0x05,0x12,
    0x00,0x00,0x00,0x00,0x10,0x08,0x10,0x12,0x00,0x00,0x10,0x05,0x10,0x00,0x20,0x12,
    0x00,0x00,0x10,0x00,0x10,0x05,0x10,0x22,0x00,0x00,0x00,0x00,0x10,0x00,0x10,0x12,
    0x00,0x00,0x00,0x82,0x20,0x00,0x10,0x12,0x00,0x04,0x00,0x02,0x20,0x00,0x10,0x02,
    0x00,0x04,0x00,0x00,0x00,0x00,0x10,0x02,0x00,0x33,0x33,0x33,0x00,0x00,0x40,0x02,
    0x00,0x04,0x00,0x00,0x00,0x00,0x33,0x32,0x00,0x04,0x00,0x51,0x00,0x00,0x10,0x02,
    0x33,0x34,0x33,0x33,0x33,0x35,0x13,0x82,0x00,0x04,0x00,0x00,0x00,0x00,0x40,0x02,
    0x05,0x33,0x30,0x00,0x00,0x00,0x00,0x02,0x00,0x00,0x00,0x00,0x00,0x00,0x00,0x02,
    /* Level 43 */
    0x00,0x00,0x00,0x00,0x00,0x00,0x00,0x72,0x00,0x00,0x00,0x33,0x33,0x33,0x00,0x02,
    0x00,0x00,0x00,0x00,0x00,0x00,0x00,0x02,0x00,0x00,0x00,0x00,0x00,0x00,0x00,0x02,
    0x00,0x00,0x00,0x00,0x00,0x00,0x00,0x02,0x00,0x00,0x00,0x00,0x05,0x33,0x30,0x02,
    0x00,0x00,0x00,0x00,0x01,0x04,0x00,0x02,0x00,0x00,0x01,0x00,0x01,0x04,0x00,0x52,
    0x00,0x00,0x01,0x00,0x03,0x33,0x33,0x02,0x00,0x00,0x01,0x00,0x12,0x04,0x00,0x82,
    0x00,0x00,0x01,0x00,0x33,0x33,0x30,0x02,0x00,0x00,0x02,0x00,0x11,0x00,0x00,0x02,
    0x00,0x00,0x01,0x05,0x11,0x00,0x00,0x82,0x00,0x00,0x01,0x00,0x21,0x00,0x01,0x02,
    0x00,0x00,0x00,0x08,0x21,0x00,0x01,0x02,0x00,0x00,0x01,0x00,0x11,0x00,0x01,0x52,
    0x00,0x00,0x00,0x00,0x51,0x00,0x01,0x02,0x00,0x00,0x00,0x10,0x00,0x00,0x01,0x52,
    0x00,0x00,0x00,0x10,0x00,0x00,0x00,0x02,0x00,0x05,0x20,0x10,0x00,0x00,0x00,0x02,
    0x00,0x00,0x10,0x20,0x00,0x05,0x33,0x32,0x00,0x00,0x05,0x20,0x00,0x00,0x00,0x02,
    0x00,0x00,0x10,0x00,0x00,0x00,0x00,0x02,0x00,0x00,0x20,0x00,0x00,0x00,0x00,0x02,
    0x00,0x00,0x20,0x00,0x00,0x00,0x00,0x52,0x00,0x00,0x00,0x00,0x00,0x00,0x00,0x02,
    0x33,0x33,0x33,0x33,0x33,0x33,0x33,0x32,0x00,0x00,0x00,0x00,0x00,0x00,0x00,0x02,
    /* Level 44 */
    0x00,0x00,0x00,0x00,0x00,0x00,0x00,0x72,0x00,0x00,0x00,0x00,0x00,0x00,0x00,0x02,
    0x00,0x00,0x00,0x00,0x00,0x00,0x00,0x02,0x00,0x00,0x00,0x00,0x00,0x00,0x00,0x02,
    0x00,0x00,0x04,0x00,0x00,0x00,0x00,0x02,0x00,0x00,0x33,0x30,0x00,0x00,0x00,0x02,
    0x00,0x00,0x04,0x00,0x00,0x00,0x10,0x02,0x00,0x00,0x00,0x00,0x00,0x00,0x14,0x02,
    0x00,0x00,0x00,0x00,0x00,0x00,0x14,0x02,0x00,0x00,0x00,0x00,0x00,0x00,0x14,0x02,
    0x00,0x00,0x00,0x00,0x00,0x10,0x00,0x02,0x00,0x00,0x00,0x00,0x05,0x10,0x00,0x02,
    0x00,0x00,0x00,0x20,0x00,0x10,0x00,0x02,0x00,0x00,0x00,0x10,0x00,0x10,0x01,0x02,
    0x00,0x00,0x00,0x20,0x00,0x20,0x01,0x52,0x00,0x05,0x10,0x10,0x08,0x20,0x00,0x02,
    0x00,0x05,0x24,0x20,0x00,0x00,0x51,0x02,0x00,0x00,0x11,0x20,0x00,0x00,0x01,0x02,
    0x00,0x00,0x81,0x00,0x00,0x00,0x02,0x02,0x00,0x00,0x01,0x10,0x00,0x10,0x00,0x02,
    0x00,0x00,0x12,0x10,0x00,0x03,0x33,0x33,0x00,0x00,0x12,0x00,0x00,0x00,0x00,0x52,
    0x00,0x00,0x14,0x00,0x00,0x00,0x00,0x02,0x33,0x33,0x14,0x33,0x33,0x35,0x33,0x33,
    0x00,0x00,0x10,0x00,0x03,0x33,0x33,0x02,0x00,0x00,0x20,0x00,0x00,0x00,0x00,0x02,
    0x00,0x00,0x00,0x33,0x30,0x00,0x00,0x52,0x00,0x00,0x00,0x00,0x00,0x00,0x00,0x02,
    /* Level 45 */
    0x00,0x00,0x00,0x00,0x00,0x00,0x00,0x72,0x00,0x00,0x00,0x00,0x53,0x33,0x30,0x02,
    0x00,0x00,0x20,0x00,0x33,0x34,0x00,0x02,0x00,0x00,0x20,0x03,0x33,0x33,0x00,0x02,
    0x00,0x00,0x20,0x00,0x00,0x04,0x00,0x02,0x00,0x00,0x10,0x00,0x00,0x04,0x00,0x02,
    0x00,0x05,0x10,0x00,0x00,0x04,0x02,0x02,0x00,0x00,0x10,0x00,0x00,0x04,0x01,0x02,
    0x00,0x00,0x20,0x00,0x00,0x04,0x01,0x52,0x00,0x00,0x20,0x00,0x00,0x04,0x00,0x02,
    0x00,0x00,0x20,0x00,0x00,0x01,0x00,0x02,0x00,0x00,0x20,0x00,0x00,0x02,0x01,0x02,
    0x00,0x00,0x00,0x00,0x00,0x01,0x00,0x02,0x00,0x08,0x33,0x33,0x33,0x01,0x00,0x52,
    0x00,0x51,0x20,0x00,0x00,0x02,0x00,0x52,0x00,0x51,0x20,0x00,0x00,0x01,0x00,0x02,
    0x00,0x01,0x10,0x00,0x00,0x01,0x00,0x02,0x00,0x51,0x20,0x00,0x00,0x02,0x05,0x22,
    0x00,0x00,0x11,0x00,0x00,0x02,0x00,0x12,0x00,0x01,0x51,0x00,0x00,0x00,0x00,0x12,
    0x00,0x00,0x51,0x00,0x00,0x00,0x00,0x02,0x00,0x00,0x01,0x00,0x00,0x00,0x40,0x12,
    0x00,0x00,0x01,0x00,0x00,0x01,0x44,0x22,0x00,0x00,0x00,0x00,0x00,0x52,0x44,0x22,
    0x00,0x00,0x00,0x00,0x00,0x01,0x44,0x12,0x00,0x33,0x30,0x00,0x00,0x01,0x04,0x82,
    0x00,0x00,0x00,0x00,0x00,0x00,0x04,0x52,0x33,0x33,0x33,0x33,0x33,0x33,0x33,0x32,
    /* Level 46 */
    0x00,0x00,0x00,0x00,0x00,0x00,0x00,0x72,0x00,0x00,0x00,0x05,0x10,0x00,0x00,0x02,
    0x00,0x01,0x00,0x00,0x10,0x03,0x33,0x33,0x00,0x01,0x00,0x00,0x20,0x00,0x00,0x52,
    0x00,0x01,0x00,0x00,0x10,0x00,0x00,0x02,0x00,0x01,0x33,0x33,0x30,0x00,0x00,0x02,
    0x00,0x33,0x30,0x00,0x00,0x00,0x00,0x02,0x00,0x02,0x00,0x00,0x00,0x00,0x00,0x02,
    0x00,0x01,0x00,0x00,0x00,0x00,0x00,0x02,0x00,0x01,0x02,0x00,0x00,0x00,0x00,0x82,
    0x00,0x01,0x01,0x00,0x33,0x33,0x00,0x02,0x00,0x00,0x02,0x00,0x00,0x00,0x00,0x02,
    0x00,0x00,0x00,0x00,0x00,0x00,0x00,0x02,0x00,0x00,0x02,0x40,0x00,0x00,0x00,0x02,
    0x00,0x00,0x01,0x40,0x00,0x00,0x20,0x02,0x00,0x00,0x11,0x40,0x00,0x00,0x10,0x02,
    0x00,0x00,0x21,0x00,0x00,0x00,0x10,0x02,0x00,0x00,0x11,0x00,0x00,0x00,0x10,0x82,
    0x00,0x05,0x11,0x00,0x00,0x05,0x10,0x02,0x00,0x00,0x51,0x00,0x00,0x10,0x00,0x02,
    0x00,0x00,0x01,0x00,0x00,0x10,0x10,0x02,0x00,0x00,0x51,0x00,0x00,0x00,0x00,0x02,
    0x00,0x00,0x11,0x00,0x00,0x00,0x00,0x02,0x00,0x00,0x11,0x00,0x00,0x00,0x00,0x82,
    0x00,0x00,0x10,0x00,0x00,0x10,0x00,0x02,0x00,0x03,0x33,0x30,0x05,0x20,0x00,0x02,
    0x33,0x35,0x23,0x33,0x33,0x13,0x33,0x32,0x00,0x00,0x00,0x00,0x00,0x00,0x00,0x02,
    /* Level 47 */
    0x00,0x00,0x00,0x00,0x00,0x00,0x00,0x72,0x00,0x00,0x00,0x00,0x00,0x00,0x00,0x02,
    0x00,0x00,0x00,0x00,0x00,0x00,0x00,0x52,0x00,0x00,0x00,0x00,0x00,0x00,0x00,0x52,
    0x00,0x00,0x00,0x00,0x00,0x00,0x00,0x52,0x00,0x00,0x00,0x00,0x00,0x00,0x00,0x02,
    0x00,0x00,0x00,0x00,0x00,0x00,0x00,0x02,0x00,0x00,0x00,0x00,0x00,0x00,0x00,0x02,
    0x00,0x00,0x00,0x00,0x00,0x00,0x00,0x02,0x00,0x00,0x00,0x01,0x00,0x00,0x00,0x02,
    0x00,0x00,0x00,0x02,0x00,0x00,0x00,0x02,0x00,0x00,0x00,0x01,0x00,0x00,0x00,0x02,
    0x00,0x00,0x00,0x82,0x00,0x00,0x40,0x02,0x00,0x01,0x00,0x00,0x00,0x00,0x40,0x02,
    0x00,0x51,0x00,0x00,0x00,0x00,0x40,0x02,0x00,0x33,0x33,0x03,0x33,0x30,0x45,0x22,
    0x00,0x00,0x00,0x52,0x00,0x00,0x00,0x12,0x00,0x00,0x00,0x00,0x00,0x00,0x05,0x12,
    0x00,0x01,0x00,0x00,0x00,0x00,0x20,0x02,0x00,0x00,0x00,0x00,0x00,0x00,0x10,0x52,
    0x00,0x00,0x20,0x00,0x00,0x51,0x10,0x22,0x00,0x00,0x10,0x00,0x00,0x01,0x10,0x02,
    0x00,0x00,0x20,0x00,0x00,0x05,0x20,0x02,0x38,0x33,0x33,0x33,0x33,0x82,0x33,0x32,
    0x00,0x33,0x33,0x30,0x00,0x52,0x00,0x02,0x00,0x00,0x00,0x00,0x00,0x02,0x00,0x02,
    0x00,0x00,0x00,0x00,0x00,0x00,0x00,0x02,0x00,0x00,0x00,0x00,0x00,0x00,0x00,0x02,
    /* Level 48 */
    0x00,0x00,0x00,0x00,0x00,0x00,0x00,0x72,0x00,0x00,0x00,0x00,0x00,0x00,0x00,0x52,
    0x00,0x00,0x00,0x00,0x00,0x00,0x00,0x02,0x00,0x00,0x00,0x00,0x00,0x00,0x00,0x02,
    0x00,0x00,0x00,0x00,0x00,0x00,0x00,0x02,0x00,0x00,0x10,0x00,0x00,0x00,0x00,0x52,
    0x00,0x00,0x10,0x00,0x00,0x00,0x00,0x02,0x00,0x00,0x10,0x00,0x00,0x00,0x00,0x02,
    0x00,0x00,0x10,0x10,0x00,0x00,0x00,0x02,0x00,0x00,0x10,0x10,0x00,0x00,0x00,0x02,
    0x00,0x00,0x10,0x10,0x00,0x00,0x00,0x02,0x00,0x00,0x45,0x20,0x33,0x33,0x10,0x02,
    0x05,0x33,0x35,0x20,0x00,0x00,0x10,0x02,0x00,0x00,0x33,0x30,0x00,0x05,0x20,0x82,
    0x00,0x00,0x40,0x10,0x00,0x05,0x20,0x02,0x00,0x00,0x40,0x10,0x00,0x08,0x10,0x52,
    0x00,0x00,0x05,0x20,0x00,0x00,0x20,0x02,0x00,0x01,0x00,0x10,0x00,0x00,0x00,0x02,
    0x00,0x51,0x00,0x00,0x00,0x00,0x00,0x02,0x00,0x01,0x08,0x10,0x00,0x05,0x10,0x02,
    0x00,0x51,0x02,0x10,0x00,0x00,0x10,0x02,0x00,0x00,0x01,0x00,0x00,0x00,0x10,0x02,
    0x00,0x00,0x01,0x00,0x00,0x00,0x10,0x02,0x00,0x51,0x00,0x00,0x00,0x00,0x10,0x02,
    0x00,0x00,0x00,0x00,0x00,0x00,0x20,0x02,0x00,0x00,0x01,0x00,0x00,0x00,0x00,0x02,
    0x00,0x00,0x00,0x00,0x00,0x00,0x00,0x02,0x33,0x33,0x33,0x33,0x33,0x33,0x33,0x32,
    /* Level 49 */
    0x00,0x00,0x00,0x00,0x00,0x00,0x00,0x72,0x00,0x00,0x00,0x00,0x01,0x00,0x00,0x02,
    0x00,0x00,0x00,0x00,0x51,0x00,0x00,0x02,0x00,0x00,0x00,0x00,0x02,0x00,0x00,0x02,
    0x00,0x00,0x00,0x00,0x02,0x00,0x00,0x02,0x00,0x00,0x04,0x00,0x01,0x33,0x33,0x33,
    0x00,0x00,0x04,0x03,0x33,0x33,0x30,0x02,0x00,0x00,0x04,0x00,0x51,0x00,0x20,0x12,
    0x00,0x00,0x04,0x00,0x00,0x00,0x10,0x12,0x00,0x00,0x00,0x00,0x00,0x00,0x10,0x12,
    0x00,0x00,0x00,0x00,0x01,0x00,0x00,0x02,0x00,0x00,0x00,0x00,0x01,0x20,0x00,0x02,
    0x00,0x00,0x00,0x00,0x01,0x33,0x30,0x12,0x00,0x00,0x33,0x30,0x00,0x10,0x00,0x02,
    0x00,0x00,0x00,0x40,0x00,0x10,0x00,0x02,0x00,0x00,0x00,0x48,0x10,0x20,0x00,0x02,
    0x00,0x03,0x33,0x33,0x30,0x10,0x00,0x02,0x00,0x01,0x00,0x40,0x20,0x10,0x00,0x02,
    0x00,0x52,0x00,0x40,0x10,0x10,0x00,0x02,0x00,0x51,0x00,0x40,0x10,0x10,0x00,0x02,
    0x00,0x00,0x00,0x40,0x10,0x20,0x00,0x52,0x00,0x01,0x00,0x40,0x15,0x10,0x00,0x82,
    0x00,0x02,0x00,0x00,0x00,0x10,0x00,0x02,0x33,0x33,0x33,0x38,0x13,0x33,0x33,0x52,
    0x00,0x00,0x00,0x00,0x10,0x00,0x00,0x02,0x00,0x00,0x00,0x00,0x10,0x00,0x00,0x02,
    0x00,0x00,0x00,0x00,0x20,0x00,0x00,0x52,0x00,0x00,0x00,0x00,0x00,0x00,0x00,0x02,
    /* Level 50 */
    0x00,0x00,0x00,0x00,0x00,0x00,0x00,0x72,0x00,0x00,0x00,0x03,0x33,0x30,0x00,0x52,
    0x00,0x00,0x00,0x00,0x00,0x00,0x00,0x02,0x00,0x00,0x00,0x00,0x00,0x00,0x00,0x02,
    0x00,0x00,0x00,0x00,0x00,0x00,0x00,0x52,0x00,0x00,0x00,0x00,0x00,0x00,0x00,0x02,
    0x00,0x00,0x00,0x00,0x00,0x00,0x04,0x02,0x00,0x00,0x03,0x33,0x33,0x00,0x04,0x02,
    0x00,0x03,0x33,0x33,0x00,0x00,0x04,0x02,0x00,0x00,0x00,0x00,0x00,0x00,0x00,0x02,
    0x00,0x00,0x00,0x00,0x00,0x00,0x00,0x02,0x00,0x00,0x00,0x00,0x00,0x00,0x00,0x52,
    0x00,0x00,0x00,0x00,0x00,0x00,0x10,0x02,0x00,0x00,0x00,0x00,0x00,0x05,0x10,0x02,
    0x00,0x00,0x00,0x00,0x00,0x05,0x10,0x02,0x00,0x00,0x00,0x05,0x10,0x00,0x00,0x02,
    0x00,0x00,0x00,0x00,0x20,0x10,0x00,0x02,0x00,0x00,0x00,0x00,0x00,0x10,0x51,0x02,
    0x00,0x00,0x00,0x00,0x00,0x15,0x11,0x02,0x00,0x00,0x00,0x00,0x05,0x10,0x51,0x02,
    0x00,0x00,0x00,0x08,0x18,0x10,0x01,0x52,0x00,0x00,0x00,0x00,0x00,0x10,0x51,0x02,
    0x00,0x00,0x00,0x00,0x00,0x00,0x33,0x32,0x00,0x00,0x00,0x00,0x00,0x10,0x01,0x02,
    0x00,0x00,0x00,0x00,0x00,0x20,0x00,0x02,0x00,0x00,0x00,0x00,0x00,0x10,0x00,0x02,
    0x33,0x33,0x33,0x33,0x33,0x13,0x33,0x32,0x00,0x00,0x00,0x00,0x00,0x00,0x00,0x02,
    /* Level 51 */
    0x00,0x00,0x00,0x00,0x00,0x00,0x00,0x72,0x00,0x01,0x00,0x00,0x00,0x66,0x60,0x02,
    0x00,0x01,0x00,0x00,0x00,0x04,0x05,0x12,0x00,0x02,0x05,0x10,0x00,0x04,0x00,0x22,
    0x00,0x01,0x00,0x14,0x20,0x04,0x00,0x02,0x00,0x01,0x00,0x14,0x10,0x04,0x00,0x52,
    0x00,0x01,0x00,0x14,0x10,0x04,0x00,0x02,0x00,0x01,0x00,0x10,0x20,0x00,0x00,0x12,
    0x00,0x01,0x00,0x00,0x10,0x00,0x00,0x12,0x00,0x01,0x00,0x00,0x10,0x00,0x00,0x12,
    0x00,0x01,0x00,0x20,0x10,0x00,0x00,0x12,0x00,0x82,0x03,0x33,0x33,0x33,0x00,0x02,
    0x00,0x01,0x00,0x25,0x10,0x00,0x00,0x02,0x00,0x00,0x00,0x20,0x24,0x00,0x00,0x02,
    0x00,0x00,0x00,0x20,0x11,0x05,0x10,0x02,0x00,0x00,0x00,0x20,0x01,0x00,0x10,0x02,
    0x00,0x02,0x00,0x03,0x33,0x33,0x30,0x02,0x00,0x00,0x00,0x00,0x14,0x00,0x00,0x02,
    0x00,0x00,0x00,0x00,0x14,0x00,0x00,0x02,0x00,0x00,0x00,0x00,0x01,0x10,0x00,0x82,
    0x00,0x00,0x00,0x00,0x01,0x10,0x10,0x02,0x00,0x00,0x00,0x00,0x00,0x00,0x10,0x52,
    0x00,0x00,0x00,0x00,0x33,0x33,0x33,0x02,0x00,0x00,0x00,0x00,0x05,0x10,0x10,0x02,
    0x33,0x33,0x33,0x33,0x33,0x28,0x13,0x32,0x00,0x00,0x00,0x33,0x33,0x33,0x10,0x02,
    0x00,0x00,0x00,0x00,0x00,0x00,0x00,0x52,0x00,0x00,0x00,0x00,0x00,0x00,0x00,0x02,
    /* Level 52 */
    0x00,0x00,0x00,0x00,0x00,0x00,0x00,0x72,0x00,0x00,0x00,0x00,0x00,0x00,0x00,0x02,
    0x00,0x03,0x33,0x33,0x01,0x00,0x00,0x02,0x00,0x00,0x00,0x00,0x01,0x00,0x00,0x02,
    0x00,0x40,0x10,0x00,0x01,0x33,0x33,0x32,0x00,0x40,0x20,0x00,0x02,0x00,0x00,0x52,
    0x00,0x40,0x00,0x00,0x01,0x00,0x00,0x52,0x00,0x45,0x20,0x00,0x01,0x52,0x00,0x02,
    0x00,0x00,0x20,0x00,0x01,0x01,0x00,0x02,0x00,0x00,0x10,0x00,0x00,0x02,0x00,0x02,
    0x00,0x00,0x10,0x00,0x00,0x51,0x02,0x12,0x00,0x00,0x20,0x00,0x01,0x01,0x01,0x12,
    0x00,0x08,0x25,0x10,0x02,0x51,0x01,0x12,0x00,0x00,0x00,0x10,0x33,0x33,0x41,0x12,
    0x00,0x00,0x00,0x10,0x02,0x01,0x42,0x02,0x00,0x00,0x00,0x10,0x01,0x02,0x42,0x02,
    0x00,0x00,0x33,0x30,0x40,0x02,0x41,0x02,0x00,0x00,0x00,0x00,0x40,0x51,0x00,0x12,
    0x00,0x00,0x00,0x00,0x40,0x01,0x02,0x22,0x00,0x03,0x33,0x30,0x33,0x33,0x00,0x22,
    0x00,0x00,0x51,0x10,0x40,0x00,0x00,0x12,0x00,0x00,0x81,0x20,0x00,0x02,0x66,0x22,
    0x00,0x00,0x01,0x10,0x00,0x02,0x00,0x52,0x00,0x00,0x01,0x10,0x00,0x01,0x00,0x52,
    0x00,0x00,0x00,0x10,0x00,0x01,0x00,0x02,0x00,0x00,0x05,0x10,0x00,0x00,0x00,0x02,
    0x00,0x00,0x05,0x10,0x00,0x00,0x00,0x02,0x33,0x33,0x33,0x33,0x33,0x33,0x33,0x32,
    /* Level 53 */
    0x00,0x00,0x00,0x00,0x00,0x00,0x00,0x72,0x00,0x00,0x00,0x00,0x00,0x00,0x00,0x02,
    0x00,0x00,0x00,0x00,0x00,0x00,0x00,0x02,0x00,0x00,0x00,0x00,0x00,0x00,0x00,0x52,
    0x00,0x00,0x00,0x00,0x00,0x00,0x00,0x52,0x00,0x00,0x00,0x00,0x00,0x01,0x00,0x02,
    0x00,0x03,0x33,0x33,0x60,0x02,0x00,0x02,0x00,0x00,0x00,0x00,0x00,0x01,0x00,0x52,
    0x00,0x00,0x00,0x00,0x00,0x02,0x33,0x32,0x00,0x00,0x00,0x01,0x00,0x00,0x00,0x02,
    0x00,0x00,0x00,0x02,0x00,0x82,0x08,0x22,0x00,0x00,0x00,0x01,0x00,0x02,0x66,0x12,
    0x00,0x00,0x00,0x00,0x00,0x01,0x00,0x12,0x00,0x00,0x00,0x51,0x00,0x01,0x00,0x22,
    0x00,0x40,0x00,0x02,0x00,0x02,0x10,0x12,0x00,0x40,0x00,0x02,0x00,0x01,0x10,0x12,
    0x00,0x40,0x00,0x51,0x00,0x02,0x15,0x22,0x00,0x40,0x40,0x01,0x00,0x02,0x20,0x22,
    0x00,0x40,0x40,0x52,0x00,0x51,0x20,0x12,0x00,0x40,0x40,0x01,0x00,0x01,0x00,0x02,
    0x00,0x00,0x40,0x51,0x53,0x33,0x30,0x12,0x00,0x00,0x40,0x01,0x00,0x00,0x10,0x12,
    0x00,0x00,0x00,0x01,0x05,0x33,0x33,0x22,0x00,0x00,0x00,0x00,0x00,0x33,0x33,0x32,
    0x00,0x33,0x33,0x33,0x00,0x05,0x10,0x52,0x00,0x00,0x00,0x00,0x00,0x05,0x10,0x52,
    0x00,0x00,0x00,0x00,0x00,0x00,0x10,0x82,0x33,0x33,0x33,0x33,0x33,0x33,0x33,0x32,
    /* Level 54 */
    0x00,0x00,0x00,0x00,0x00,0x00,0x00,0x72,0x00,0x04,0x00,0x00,0x00,0x00,0x00,0x02,
    0x00,0x04,0x10,0x00,0x00,0x00,0x00,0x02,0x00,0x04,0x33,0x30,0x00,0x00,0x00,0x02,
    0x00,0x04,0x20,0x00,0x00,0x00,0x00,0x02,0x00,0x04,0x26,0x60,0x00,0x00,0x00,0x02,
    0x00,0x51,0x10,0x00,0x00,0x00,0x02,0x02,0x00,0x02,0x00,0x00,0x00,0x00,0x01,0x02,
    0x00,0x52,0x00,0x00,0x00,0x00,0x01,0x02,0x00,0x01,0x20,0x01,0x00,0x00,0x01,0x82,
    0x00,0x02,0x10,0x52,0x00,0x00,0x02,0x02,0x00,0x00,0x10,0x82,0x00,0x00,0x02,0x52,
    0x00,0x00,0x25,0x12,0x00,0x00,0x00,0x02,0x00,0x00,0x10,0x21,0x41,0x02,0x00,0x02,
    0x00,0x01,0x13,0x33,0x33,0x31,0x00,0x02,0x00,0x01,0x00,0x10,0x41,0x01,0x00,0x02,
    0x00,0x01,0x00,0x10,0x01,0x01,0x00,0x02,0x00,0x02,0x00,0x20,0x01,0x01,0x00,0x02,
    0x00,0x01,0x05,0x10,0x01,0x00,0x00,0x02,0x00,0x01,0x00,0x20,0x52,0x01,0x00,0x02,
    0x00,0x00,0x00,0x10,0x00,0x00,0x00,0x02,0x00,0x00,0x05,0x10,0x33,0x30,0x00,0x02,
    0x00,0x00,0x00,0x10,0x00,0x03,0x33,0x32,0x00,0x00,0x00,0x00,0x00,0x00,0x00,0x52,
    0x33,0x33,0x33,0x33,0x33,0x33,0x33,0x52,0x00,0x00,0x00,0x20,0x00,0x00,0x00,0x02,
    0x00,0x00,0x00,0x10,0x00,0x00,0x00,0x02,0x00,0x00,0x00,0x00,0x00,0x00,0x00,0x02,
    /* Level 55 */
    0x00,0x00,0x00,0x00,0x00,0x00,0x00,0x72,0x00,0x00,0x00,0x00,0x00,0x00,0x10,0x02,
    0x00,0x00,0x00,0x00,0x00,0x04,0x10,0x02,0x00,0x00,0x00,0x00,0x00,0x04,0x10,0x02,
    0x00,0x00,0x00,0x00,0x00,0x04,0x20,0x02,0x00,0x00,0x00,0x00,0x00,0x04,0x05,0x22,
    0x00,0x00,0x00,0x33,0x30,0x00,0x16,0x12,0x00,0x00,0x00,0x00,0x00,0x00,0x14,0x22,
    0x00,0x00,0x51,0x00,0x10,0x00,0x04,0x12,0x00,0x00,0x01,0x00,0x10,0x00,0x04,0x12,
    0x00,0x00,0x51,0x05,0x20,0x00,0x04,0x12,0x00,0x00,0x02,0x00,0x00,0x00,0x04,0x12,
    0x00,0x00,0x01,0x00,0x15,0x20,0x04,0x12,0x00,0x00,0x01,0x00,0x15,0x10,0x05,0x12,
    0x00,0x00,0x51,0x00,0x11,0x10,0x33,0x33,0x00,0x00,0x01,0x00,0x11,0x20,0x00,0x82,
    0x00,0x00,0x00,0x00,0x22,0x20,0x00,0x02,0x00,0x00,0x00,0x08,0x33,0x33,0x00,0x02,
    0x00,0x00,0x00,0x33,0x33,0x30,0x00,0x12,0x00,0x00,0x00,0x05,0x21,0x00,0x05,0x12,
    0x00,0x66,0x66,0x60,0x11,0x00,0x05,0x12,0x00,0x00,0x00,0x05,0x12,0x00,0x00,0x02,
    0x00,0x00,0x00,0x05,0x20,0x00,0x00,0x02,0x33,0x33,0x33,0x33,0x33,0x33,0x33,0x32,
    0x00,0x00,0x00,0x00,0x00,0x00,0x00,0x02,0x00,0x00,0x00,0x00,0x00,0x00,0x00,0x52,
    0x00,0x00,0x00,0x00,0x00,0x00,0x00,0x02,0x00,0x00,0x00,0x00,0x00,0x00,0x00,0x02,
    /* Level 56 */
    0x00,0x00,0x00,0x00,0x00,0x00,0x00,0x72,0x00,0x00,0x00,0x01,0x00,0x00,0x00,0x02,
    0x00,0x00,0x00,0x02,0x00,0x00,0x00,0x02,0x00,0x00,0x00,0x01,0x00,0x00,0x00,0x02,
    0x00,0x00,0x00,0x02,0x00,0x00,0x00,0x02,0x00,0x00,0x05,0x21,0x00,0x00,0x00,0x02,
    0x00,0x00,0x00,0x11,0x00,0x00,0x00,0x02,0x00,0x00,0x03,0x33,0x33,0x30,0x00,0x02,
    0x00,0x00,0x05,0x21,0x00,0x00,0x00,0x02,0x00,0x00,0x00,0x10,0x00,0x00,0x00,0x52,
    0x00,0x02,0x05,0x10,0x00,0x00,0x00,0x52,0x00,0x81,0x52,0x10,0x00,0x00,0x00,0x02,
    0x00,0x01,0x02,0x10,0x00,0x00,0x20,0x02,0x00,0x00,0x01,0x10,0x00,0x00,0x10,0x52,
    0x00,0x03,0x33,0x33,0x30,0x00,0x22,0x02,0x00,0x02,0x12,0x00,0x00,0x05,0x12,0x02,
    0x00,0x02,0x21,0x00,0x00,0x00,0x11,0x02,0x00,0x08,0x11,0x20,0x00,0x00,0x11,0x52,
    0x00,0x05,0x12,0x25,0x33,0x30,0x12,0x02,0x00,0x00,0x11,0x10,0x00,0x00,0x11,0x52,
    0x00,0x00,0x11,0x00,0x00,0x00,0x51,0x02,0x00,0x00,0x02,0x00,0x03,0x33,0x66,0x62,
    0x00,0x00,0x52,0x33,0x33,0x33,0x00,0x02,0x00,0x00,0x02,0x00,0x00,0x00,0x10,0x02,
    0x00,0x00,0x00,0x00,0x00,0x53,0x33,0x82,0x33,0x33,0x33,0x33,0x33,0x33,0x33,0x32,
    0x00,0x00,0x00,0x00,0x66,0x66,0x00,0x02,0x00,0x00,0x00,0x00,0x00,0x00,0x00,0x02,
    /* Level 57 */
    0x00,0x00,0x00,0x00,0x00,0x00,0x00,0x72,0x00,0x00,0x00,0x00,0x00,0x00,0x00,0x02,
    0x00,0x00,0x00,0x00,0x00,0x00,0x00,0x02,0x00,0x00,0x00,0x00,0x00,0x00,0x00,0x02,
    0x00,0x00,0x00,0x00,0x00,0x00,0x00,0x52,0x00,0x00,0x00,0x00,0x00,0x20,0x00,0x52,
    0x00,0x00,0x03,0x33,0x33,0x30,0x00,0x02,0x00,0x00,0x20,0x33,0x33,0x10,0x33,0x33,
    0x00,0x00,0x10,0x00,0x05,0x10,0x01,0x02,0x00,0x00,0x10,0x00,0x00,0x00,0x02,0x02,
    0x00,0x00,0x10,0x00,0x00,0x10,0x00,0x02,0x00,0x00,0x10,0x00,0x00,0x16,0x60,0x52,
    0x00,0x05,0x20,0x00,0x05,0x10,0x00,0x02,0x00,0x53,0x33,0x33,0x00,0x00,0x00,0x82,
    0x00,0x00,0x10,0x00,0x00,0x00,0x00,0x02,0x00,0x00,0x00,0x00,0x40,0x00,0x00,0x02,
    0x00,0x00,0x00,0x00,0x33,0x33,0x33,0x52,0x00,0x00,0x20,0x00,0x40,0x00,0x00,0x02,
    0x00,0x00,0x10,0x00,0x40,0x00,0x00,0x82,0x00,0x00,0x10,0x00,0x40,0x00,0x00,0x52,
    0x00,0x00,0x10,0x06,0x41,0x60,0x00,0x02,0x00,0x00,0x20,0x00,0x01,0x00,0x00,0x52,
    0x00,0x00,0x00,0x00,0x00,0x00,0x00,0x02,0x00,0x00,0x00,0x00,0x51,0x00,0x00,0x52,
    0x00,0x00,0x00,0x00,0x01,0x00,0x00,0x02,0x00,0x00,0x00,0x00,0x01,0x00,0x00,0x02,
    0x00,0x00,0x00,0x00,0x51,0x00,0x00,0x52,0x33,0x33,0x33,0x33,0x33,0x33,0x33,0x32,
    /* Level 58 */
    0x00,0x00,0x00,0x00,0x00,0x00,0x00,0x72,0x00,0x00,0x00,0x00,0x00,0x03,0x33,0x33,
    0x00,0x00,0x00,0x00,0x00,0x00,0x00,0x02,0x00,0x00,0x00,0x00,0x00,0x02,0x00,0x02,
    0x00,0x00,0x05,0x33,0x33,0x31,0x00,0x02,0x00,0x00,0x00,0x00,0x00,0x01,0x00,0x02,
    0x00,0x00,0x00,0x00,0x00,0x00,0x10,0x02,0x00,0x00,0x00,0x00,0x00,0x00,0x20,0x02,
    0x00,0x00,0x00,0x00,0x00,0x33,0x33,0x02,0x00,0x00,0x00,0x00,0x00,0x11,0x10,0x02,
    0x00,0x00,0x00,0x00,0x00,0x10,0x26,0x62,0x00,0x00,0x00,0x00,0x00,0x10,0x10,0x52,
    0x00,0x00,0x00,0x00,0x00,0x20,0x10,0x02,0x00,0x00,0x00,0x00,0x08,0x15,0x10,0x02,
    0x00,0x00,0x00,0x00,0x05,0x10,0x10,0x52,0x06,0x66,0x10,0x00,0x00,0x10,0x00,0x02,
    0x00,0x01,0x10,0x00,0x04,0x20,0x40,0x02,0x00,0x01,0x21,0x00,0x04,0x10,0x40,0x02,
    0x00,0x81,0x11,0x04,0x04,0x20,0x40,0x02,0x00,0x51,0x00,0x14,0x04,0x20,0x40,0x02,
    0x00,0x51,0x10,0x14,0x04,0x10,0x40,0x02,0x00,0x01,0x10,0x24,0x04,0x00,0x00,0x02,
    0x00,0x05,0x11,0x04,0x04,0x00,0x00,0x52,0x00,0x00,0x11,0x10,0x04,0x10,0x00,0x02,
    0x00,0x01,0x02,0x10,0x00,0x00,0x00,0x02,0x00,0x01,0x33,0x30,0x00,0x00,0x00,0x02,
    0x33,0x33,0x33,0x33,0x33,0x33,0x33,0x52,0x00,0x00,0x00,0x00,0x00,0x00,0x00,0x02,
    /* Level 59 */
    0x00,0x00,0x00,0x00,0x00,0x00,0x00,0x72,0x00,0x00,0x00,0x00,0x00,0x00,0x00,0x02,
    0x00,0x00,0x00,0x00,0x00,0x00,0x00,0x52,0x00,0x00,0x00,0x00,0x00,0x00,0x00,0x52,
    0x00,0x00,0x00,0x00,0x40,0x00,0x01,0x02,0x00,0x00,0x00,0x00,0x40,0x02,0x51,0x02,
    0x00,0x00,0x00,0x00,0x40,0x52,0x52,0x02,0x00,0x00,0x00,0x00,0x40,0x02,0x00,0x02,
    0x00,0x00,0x00,0x00,0x40,0x01,0x01,0x02,0x00,0x00,0x00,0x00,0x40,0x01,0x01,0x02,
    0x00,0x00,0x00,0x00,0x66,0x11,0x33,0x32,0x00,0x00,0x00,0x00,0x00,0x11,0x01,0x02,
    0x00,0x00,0x00,0x02,0x05,0x20,0x52,0x02,0x00,0x00,0x00,0x01,0x00,0x10,0x02,0x02,
    0x00,0x52,0x00,0x01,0x40,0x20,0x02,0x52,0x00,0x82,0x00,0x01,0x41,0x10,0x51,0x12,
    0x00,0x00,0x00,0x00,0x43,0x33,0x33,0x12,0x00,0x00,0x00,0x02,0x42,0x10,0x00,0x22,
    0x00,0x00,0x00,0x02,0x01,0x20,0x00,0x02,0x00,0x01,0x00,0x00,0x03,0x33,0x33,0x12,
    0x00,0x00,0x00,0x00,0x00,0x00,0x08,0x12,0x00,0x00,0x00,0x00,0x00,0x00,0x00,0x52,
    0x00,0x00,0x05,0x33,0x33,0x33,0x00,0x02,0x33,0x33,0x33,0x33,0x35,0x13,0x33,0x32,
    0x00,0x00,0x00,0x00,0x00,0x33,0x33,0x02,0x00,0x00,0x00,0x00,0x00,0x00,0x00,0x02,
    0x00,0x00,0x00,0x00,0x00,0x00,0x00,0x82,0x00,0x00,0x00,0x00,0x00,0x00,0x00,0x02,
    /* Level 60 */
    0x00,0x00,0x00,0x00,0x00,0x00,0x00,0x72,0x00,0x00,0x00,0x00,0x00,0x00,0x00,0x12,
    0x00,0x00,0x00,0x00,0x33,0x33,0x33,0x22,0x00,0x00,0x00,0x00,0x21,0x10,0x00,0x12,
    0x00,0x00,0x00,0x00,0x12,0x10,0x00,0x12,0x00,0x00,0x00,0x01,0x10,0x20,0x00,0x12,
    0x00,0x00,0x00,0x01,0x20,0x20,0x00,0x02,0x00,0x00,0x00,0x01,0x20,0x00,0x00,0x02,
    0x00,0x00,0x00,0x05,0x12,0x10,0x00,0x02,0x00,0x00,0x00,0x00,0x10,0x10,0x00,0x52,
    0x00,0x00,0x00,0x51,0x10,0x00,0x00,0x52,0x00,0x00,0x00,0x52,0x10,0x00,0x00,0x02,
    0x00,0x00,0x66,0x61,0x10,0x00,0x00,0x52,0x00,0x00,0x00,0x01,0x10,0x00,0x00,0x02,
    0x06,0x66,0x00,0x01,0x20,0x52,0x00,0x02,0x00,0x04,0x00,0x01,0x10,0x01,0x00,0x02,
    0x00,0x04,0x00,0x81,0x10,0x01,0x00,0x02,0x00,0x04,0x00,0x01,0x10,0x01,0x10,0x02,
    0x00,0x00,0x00,0x02,0x00,0x00,0x10,0x02,0x00,0x00,0x00,0x02,0x10,0x00,0x20,0x02,
    0x00,0x00,0x00,0x01,0x10,0x05,0x20,0x02,0x00,0x00,0x00,0x02,0x00,0x00,0x00,0x52,
    0x08,0x33,0x33,0x33,0x00,0x00,0x00,0x02,0x33,0x33,0x33,0x33,0x33,0x33,0x33,0x32,
    0x00,0x00,0x00,0x00,0x00,0x00,0x00,0x52,0x00,0x00,0x00,0x00,0x00,0x00,0x00,0x82,
    0x00,0x00,0x00,0x00,0x00,0x00,0x00,0x02,0x00,0x00,0x00,0x00,0x00,0x00,0x00,0x02,
    /* Level 61 */
    0x00,0x00,0x00,0x00,0x00,0x00,0x00,0x72,0x00,0x00,0x00,0x00,0x00,0x00,0x00,0x02,
    0x00,0x00,0x00,0x00,0x00,0x00,0x00,0x52,0x00,0x00,0x00,0x03,0x33,0x00,0x00,0x02,
    0x00,0x00,0x00,0x00,0x00,0x00,0x00,0x02,0x00,0x00,0x00,0x00,0x00,0x00,0x00,0x52,
    0x00,0x00,0x00,0x00,0x00,0x00,0x00,0x02,0x00,0x00,0x00,0x00,0x00,0x00,0x00,0x02,
    0x00,0x00,0x00,0x00,0x03,0x33,0x33,0x12,0x00,0x00,0x00,0x00,0x00,0x00,0x00,0x22,
    0x00,0x00,0x00,0x00,0x00,0x00,0x00,0x12,0x00,0x00,0x03,0x33,0x33,0x00,0x25,0x12,
    0x00,0x00,0x00,0x00,0x10,0x05,0x20,0x22,0x00,0x00,0x00,0x00,0x10,0x00,0x10,0x22,
    0x00,0x00,0x05,0x25,0x10,0x00,0x10,0x12,0x00,0x00,0x05,0x16,0x33,0x33,0x30,0x12,
    0x00,0x00,0x08,0x10,0x10,0x08,0x10,0x12,0x00,0x00,0x05,0x25,0x10,0x00,0x25,0x12,
    0x00,0x00,0x00,0x00,0x00,0x00,0x10,0x02,0x00,0x00,0x05,0x33,0x33,0x00,0x20,0x52,
    0x00,0x00,0x00,0x00,0x10,0x00,0x20,0x02,0x00,0x00,0x00,0x04,0x10,0x00,0x05,0x12,
    0x00,0x00,0x00,0x04,0x00,0x00,0x00,0x02,0x00,0x00,0x00,0x04,0x00,0x00,0x00,0x02,
    0x00,0x53,0x33,0x34,0x00,0x00,0x00,0x52,0x00,0x00,0x00,0x04,0x00,0x00,0x00,0x02,
    0x33,0x33,0x33,0x34,0x33,0x33,0x33,0x32,0x00,0x00,0x00,0x00,0x00,0x00,0x00,0x02,
    /* Level 62 */
    0x00,0x00,0x00,0x00,0x00,0x00,0x00,0x72,0x00,0x00,0x03,0x33,0x30,0x00,0x00,0x02,
    0x00,0x00,0x00,0x33,0x30,0x00,0x00,0x02,0x00,0x04,0x00,0x00,0x00,0x00,0x00,0x02,
    0x00,0x04,0x00,0x00,0x00,0x00,0x00,0x02,0x00,0x04,0x05,0x33,0x30,0x00,0x00,0x02,
    0x00,0x04,0x00,0x33,0x33,0x35,0x10,0x02,0x00,0x04,0x00,0x00,0x00,0x00,0x20,0x52,
    0x00,0x04,0x00,0x00,0x00,0x00,0x10,0x02,0x00,0x04,0x00,0x00,0x00,0x05,0x10,0x02,
    0x00,0x00,0x00,0x00,0x00,0x00,0x10,0x02,0x00,0x00,0x00,0x01,0x00,0x00,0x00,0x52,
    0x00,0x00,0x00,0x01,0x00,0x00,0x01,0x02,0x00,0x00,0x00,0x51,0x00,0x00,0x01,0x02,
    0x00,0x00,0x00,0x01,0x00,0x00,0x21,0x12,0x00,0x00,0x10,0x01,0x00,0x00,0x14,0x12,
    0x00,0x05,0x15,0x11,0x00,0x00,0x14,0x22,0x00,0x00,0x28,0x11,0x00,0x00,0x28,0x22,
    0x00,0x00,0x05,0x11,0x00,0x00,0x12,0x12,0x00,0x00,0x00,0x10,0x00,0x00,0x82,0x12,
    0x00,0x00,0x00,0x20,0x00,0x00,0x01,0x52,0x00,0x05,0x15,0x21,0x00,0x00,0x02,0x02,
    0x00,0x00,0x10,0x10,0x00,0x00,0x01,0x02,0x00,0x00,0x10,0x20,0x00,0x00,0x01,0x02,
    0x00,0x00,0x10,0x10,0x06,0x66,0x61,0x52,0x00,0x00,0x00,0x00,0x00,0x00,0x00,0x02,
    0x00,0x00,0x00,0x05,0x33,0x33,0x33,0x02,0x33,0x33,0x33,0x33,0x33,0x33,0x33,0x32,
    /* Level 63 */
    0x00,0x00,0x00,0x00,0x00,0x00,0x00,0x72,0x00,0x00,0x00,0x00,0x00,0x03,0x33,0x33,
    0x00,0x00,0x05,0x33,0x33,0x30,0x33,0x33,0x00,0x00,0x00,0x00,0x00,0x00,0x40,0x02,
    0x00,0x00,0x00,0x00,0x00,0x00,0x40,0x02,0x00,0x00,0x00,0x00,0x00,0x00,0x40,0x02,
    0x00,0x00,0x10,0x00,0x00,0x00,0x40,0x02,0x00,0x05,0x20,0x00,0x00,0x05,0x90,0x52,
    0x00,0x00,0x00,0x00,0x00,0x00,0x10,0x52,0x00,0x00,0x00,0x00,0x00,0x00,0x20,0x02,
    0x00,0x00,0x10,0x00,0x00,0x00,0x20,0x52,0x00,0x00,0x20,0x00,0x00,0x00,0x10,0x02,
    0x00,0x00,0x10,0x00,0x00,0x00,0x00,0x02,0x00,0x00,0x12,0x00,0x00,0x00,0x00,0x02,
    0x00,0x05,0x11,0x00,0x00,0x00,0x00,0x52,0x00,0x00,0x21,0x10,0x00,0x00,0x00,0x02,
    0x00,0x00,0x91,0x20,0x00,0x00,0x00,0x02,0x00,0x00,0x91,0x10,0x00,0x00,0x00,0x02,
    0x00,0x00,0x81,0x10,0x00,0x00,0x00,0x02,0x00,0x00,0x01,0x20,0x00,0x00,0x00,0x52,
    0x00,0x00,0x00,0x20,0x00,0x81,0x00,0x02,0x00,0x00,0x00,0x00,0x03,0x33,0x33,0x32,
    0x00,0x00,0x01,0x00,0x00,0x02,0x00,0x52,0x00,0x00,0x01,0x00,0x66,0x66,0x60,0x02,
    0x00,0x00,0x51,0x20,0x00,0x00,0x00,0x02,0x33,0x33,0x33,0x13,0x33,0x31,0x33,0x32,
    0x00,0x00,0x00,0x10,0x00,0x81,0x00,0x02,0x00,0x00,0x00,0x00,0x00,0x00,0x00,0x02,
    /* Level 64 */
    0x00,0x00,0x00,0x00,0x00,0x00,0x00,0x72,0x00,0x00,0x00,0x00,0x00,0x00,0x00,0x02,
    0x00,0x00,0x10,0x00,0x00,0x00,0x00,0x02,0x00,0x00,0x20,0x33,0x33,0x00,0x00,0x02,
    0x00,0x00,0x10,0x00,0x00,0x00,0x00,0x52,0x00,0x00,0x10,0x00,0x00,0x00,0x00,0x02,
    0x00,0x05,0x10,0x00,0x00,0x00,0x00,0x02,0x00,0x00,0x10,0x00,0x00,0x00,0x00,0x02,
    0x00,0x05,0x90,0x01,0x00,0x00,0x00,0x02,0x00,0x00,0x00,0x01,0x00,0x00,0x00,0x02,
    0x00,0x00,0x20,0x01,0x00,0x00,0x00,0x02,0x00,0x00,0x10,0x81,0x00,0x00,0x00,0x82,
    0x00,0x00,0x00,0x52,0x00,0x00,0x00,0x02,0x00,0x00,0x00,0x01,0x00,0x00,0x00,0x52,
    0x00,0x00,0x00,0x52,0x00,0x00,0x00,0x02,0x06,0x66,0x62,0x04,0x00,0x00,0x00,0x02,
    0x00,0x01,0x01,0x04,0x00,0x00,0x00,0x82,0x00,0x01,0x33,0x33,0x30,0x10,0x00,0x52,
    0x00,0x01,0x00,0x04,0x00,0x20,0x00,0x02,0x00,0x00,0x33,0x33,0x00,0x20,0x00,0x02,
    0x00,0x00,0x01,0x04,0x00,0x33,0x33,0x02,0x00,0x00,0x51,0x00,0x00,0x10,0x00,0x52,
    0x00,0x00,0x00,0x03,0x33,0x00,0x00,0x02,0x00,0x00,0x00,0x00,0x00,0x00,0x00,0x02,
    0x00,0x00,0x00,0x00,0x00,0x00,0x00,0x02,0x00,0x00,0x00,0x00,0x00,0x00,0x00,0x02,
    0x33,0x33,0x33,0x33,0x33,0x33,0x33,0x32,0x00,0x00,0x00,0x00,0x00,0x00,0x00,0x02,
    /* Level 65 */
    0x00,0x00,0x00,0x00,0x00,0x00,0x00,0x72,0x00,0x00,0x00,0x00,0x00,0x00,0x00,0x02,
    0x00,0x00,0x00,0x00,0x00,0x00,0x00,0x12,0x00,0x00,0x00,0x00,0x00,0x00,0x00,0x12,
    0x00,0x00,0x04,0x05,0x33,0x33,0x05,0x12,0x00,0x00,0x04,0x00,0x00,0x00,0x00,0x92,
    0x00,0x00,0x04,0x40,0x00,0x00,0x00,0x22,0x00,0x00,0x04,0x40,0x00,0x00,0x00,0x12,
    0x00,0x00,0x04,0x40,0x00,0x00,0x05,0x12,0x00,0x00,0x04,0x40,0x00,0x00,0x00,0x12,
    0x00,0x00,0x04,0x00,0x00,0x00,0x05,0x12,0x00,0x00,0x00,0x00,0x10,0x52,0x05,0x12,
    0x00,0x00,0x66,0x66,0x20,0x01,0x00,0x12,0x00,0x00,0x00,0x00,0x00,0x33,0x33,0x52,
    0x00,0x00,0x00,0x81,0x00,0x01,0x04,0x12,0x00,0x00,0x00,0x02,0x00,0x01,0x04,0x12,
    0x00,0x02,0x00,0x01,0x20,0x01,0x04,0x12,0x00,0x82,0x00,0x01,0x10,0x02,0x04,0x02,
    0x00,0x51,0x00,0x05,0x13,0x33,0x34,0x52,0x00,0x00,0x00,0x00,0x00,0x00,0x04,0x02,
    0x00,0x00,0x06,0x11,0x60,0x00,0x00,0x52,0x00,0x01,0x00,0x10,0x00,0x01,0x00,0x02,
    0x00,0x00,0x00,0x00,0x00,0x09,0x00,0x02,0x00,0x00,0x00,0x00,0x00,0x01,0x00,0x02,
    0x00,0x00,0x00,0x00,0x00,0x00,0x00,0x02,0x33,0x33,0x33,0x33,0x33,0x33,0x33,0x32,
    0x00,0x00,0x00,0x00,0x00,0x00,0x00,0x02,0x00,0x00,0x00,0x00,0x00,0x00,0x00,0x02,
    /* Level 66 */
    0x00,0x00,0x00,0x00,0x00,0x00,0x00,0x72,0x00,0x00,0x00,0x00,0x00,0x00,0x00,0x02,
    0x00,0x00,0x00,0x00,0x00,0x00,0x00,0x02,0x00,0x00,0x00,0x00,0x00,0x00,0x66,0x62,
    0x00,0x00,0x00,0x00,0x00,0x05,0x10,0x52,0x00,0x00,0x00,0x00,0x00,0x00,0x10,0x02,
    0x00,0x00,0x00,0x51,0x00,0x00,0x10,0x52,0x00,0x00,0x00,0x01,0x00,0x00,0x10,0x02,
    0x00,0x00,0x05,0x33,0x33,0x00,0x20,0x02,0x00,0x00,0x00,0x02,0x00,0x00,0x00,0x52,
    0x00,0x00,0x00,0x51,0x00,0x00,0x00,0x02,0x00,0x00,0x00,0x09,0x00,0x00,0x20,0x02,
    0x00,0x00,0x00,0x01,0x00,0x00,0x20,0x02,0x00,0x00,0x00,0x01,0x00,0x01,0x20,0x02,
    0x00,0x00,0x00,0x01,0x00,0x01,0x20,0x52,0x00,0x00,0x04,0x51,0x00,0x01,0x10,0x02,
    0x00,0x00,0x04,0x01,0x00,0x01,0x10,0x52,0x00,0x00,0x04,0x01,0x00,0x00,0x10,0x12,
    0x00,0x00,0x04,0x00,0x00,0x00,0x25,0x22,0x00,0x00,0x51,0x08,0x10,0x33,0x33,0x22,
    0x00,0x40,0x01,0x00,0x20,0x21,0x05,0x12,0x00,0x40,0x00,0x00,0x20,0x11,0x08,0x12,
    0x00,0x40,0x01,0x00,0x25,0x11,0x00,0x02,0x00,0x40,0x01,0x00,0x10,0x11,0x33,0x33,
    0x00,0x46,0x61,0x00,0x00,0x11,0x00,0x02,0x00,0x00,0x51,0x00,0x00,0x00,0x00,0x02,
    0x33,0x33,0x33,0x33,0x33,0x33,0x33,0x32,0x00,0x00,0x00,0x00,0x00,0x00,0x00,0x02,
    /* Level 67 */
    0x00,0x00,0x00,0x00,0x00,0x00,0x00,0x72,0x00,0x00,0x00,0x00,0x00,0x00,0x00,0x02,
    0x00,0x00,0x00,0x00,0x00,0x00,0x00,0x02,0x00,0x00,0x00,0x00,0x00,0x00,0x00,0x02,
    0x00,0x00,0x00,0x51,0x00,0x00,0x33,0x33,0x00,0x00,0x00,0x02,0x00,0x00,0x00,0x02,
    0x00,0x00,0x20,0x02,0x00,0x00,0x00,0x02,0x00,0x00,0x10,0x02,0x00,0x00,0x00,0x02,
    0x00,0x00,0x20,0x10,0x00,0x00,0x00,0x02,0x00,0x08,0x28,0x10,0x00,0x00,0x00,0x02,
    0x00,0x05,0x20,0x10,0x04,0x00,0x00,0x02,0x00,0x00,0x10,0x12,0x04,0x10,0x00,0x52,
    0x00,0x00,0x20,0x11,0x04,0x10,0x00,0x02,0x00,0x00,0x00,0x21,0x04,0x10,0x00,0x82,
    0x00,0x00,0x00,0x01,0x33,0x33,0x33,0x52,0x00,0x00,0x20,0x01,0x04,0x25,0x10,0x52,
    0x00,0x00,0x00,0x00,0x04,0x10,0x10,0x02,0x00,0x00,0x00,0x03,0x33,0x20,0x10,0x52,
    0x00,0x00,0x00,0x00,0x00,0x20,0x00,0x02,0x00,0x66,0x66,0x60,0x33,0x30,0x00,0x02,
    0x00,0x00,0x00,0x00,0x00,0x20,0x10,0x52,0x00,0x00,0x00,0x04,0x00,0x00,0x20,0x02,
    0x00,0x00,0x00,0x04,0x00,0x00,0x10,0x02,0x00,0x00,0x00,0x04,0x00,0x00,0x00,0x52,
    0x00,0x33,0x33,0x00,0x00,0x20,0x00,0x52,0x00,0x00,0x00,0x00,0x00,0x00,0x00,0x52,
    0x00,0x33,0x30,0x00,0x00,0x00,0x00,0x02,0x33,0x33,0x33,0x33,0x33,0x33,0x33,0x32,
    /* Level 68 */
    0x00,0x00,0x00,0x00,0x00,0x00,0x00,0x72,0x00,0x06,0x66,0x66,0x00,0x00,0x00,0x02,
    0x00,0x00,0x00,0x00,0x00,0x00,0x40,0x02,0x00,0x00,0x00,0x00,0x00,0x00,0x40,0x02,
    0x00,0x00,0x00,0x10,0x00,0x00,0x40,0x02,0x00,0x00,0x00,0x10,0x00,0x00,0x40,0x52,
    0x00,0x00,0x00,0x12,0x00,0x00,0x00,0x02,0x00,0x00,0x00,0x21,0x00,0x00,0x00,0x02,
    0x00,0x00,0x00,0x00,0x00,0x00,0x00,0x02,0x00,0x00,0x00,0x90,0x01,0x00,0x00,0x02,
    0x00,0x00,0x00,0x12,0x02,0x00,0x00,0x02,0x00,0x00,0x00,0x21,0x01,0x00,0x00,0x02,
    0x00,0x00,0x05,0x10,0x01,0x00,0x00,0x02,0x00,0x00,0x00,0x20,0x00,0x00,0x00,0x52,
    0x00,0x00,0x20,0x13,0x33,0x30,0x00,0x02,0x00,0x00,0x28,0x20,0x00,0x00,0x33,0x33,
    0x00,0x00,0x20,0x20,0x10,0x10,0x00,0x52,0x00,0x00,0x05,0x10,0x20,0x10,0x00,0x02,
    0x00,0x00,0x00,0x10,0x20,0x10,0x00,0x02,0x00,0x33,0x33,0x33,0x10,0x20,0x00,0x52,
    0x00,0x08,0x10,0x10,0x10,0x10,0x10,0x02,0x00,0x00,0x00,0x00,0x00,0x10,0x10,0x52,
    0x00,0x00,0x00,0x00,0x00,0x10,0x20,0x52,0x33,0x33,0x33,0x33,0x33,0x13,0x13,0x32,
    0x00,0x00,0x00,0x00,0x00,0x00,0x20,0x02,0x00,0x05,0x33,0x33,0x30,0x00,0x00,0x02,
    0x00,0x00,0x00,0x00,0x00,0x00,0x00,0x52,0x00,0x00,0x00,0x00,0x00,0x00,0x00,0x02,
    /* Level 69 */
    0x00,0x00,0x00,0x00,0x00,0x00,0x00,0x72,0x00,0x00,0x00,0x00,0x00,0x00,0x00,0x02,
    0x00,0x00,0x00,0x00,0x10,0x23,0x33,0x02,0x00,0x00,0x00,0x00,0x10,0x20,0x00,0x02,
    0x00,0x00,0x00,0x00,0x10,0x20,0x00,0x02,0x00,0x00,0x00,0x00,0x20,0x00,0x00,0x02,
    0x00,0x00,0x00,0x05,0x20,0x00,0x00,0x52,0x00,0x00,0x00,0x00,0x15,0x10,0x00,0x02,
    0x00,0x00,0x00,0x00,0x00,0x90,0x00,0x02,0x00,0x01,0x00,0x51,0x10,0x10,0x00,0x52,
    0x00,0x52,0x00,0x01,0x10,0x10,0x00,0x02,0x00,0x51,0x00,0x81,0x10,0x10,0x00,0x02,
    0x00,0x02,0x00,0x52,0x20,0x10,0x00,0x82,0x00,0x33,0x33,0x31,0x00,0x20,0x00,0x02,
    0x00,0x01,0x02,0x01,0x00,0x10,0x00,0x12,0x00,0x01,0x01,0x01,0x00,0x10,0x40,0x12,
    0x00,0x02,0x02,0x00,0x00,0x10,0x40,0x52,0x00,0x02,0x01,0x02,0x00,0x04,0x40,0x02,
    0x00,0x02,0x02,0x01,0x00,0x04,0x40,0x02,0x00,0x03,0x33,0x01,0x00,0x04,0x33,0x33,
    0x00,0x00,0x01,0x01,0x01,0x00,0x40,0x12,0x00,0x00,0x02,0x02,0x02,0x00,0x00,0x22,
    0x00,0x02,0x02,0x52,0x00,0x00,0x00,0x12,0x00,0x01,0x01,0x02,0x00,0x00,0x00,0x02,
    0x33,0x52,0x81,0x32,0x33,0x33,0x33,0x32,0x00,0x00,0x03,0x33,0x33,0x66,0x00,0x52,
    0x00,0x00,0x00,0x00,0x00,0x06,0x66,0x62,0x00,0x00,0x00,0x00,0x00,0x00,0x00,0x02,
    /* Level 70 */
    0x00,0x00,0x00,0x00,0x00,0x00,0x00,0x72,0x00,0x00,0x00,0x00,0x00,0x00,0x00,0x02,
    0x00,0x00,0x00,0x00,0x00,0x00,0x00,0x02,0x00,0x00,0x00,0x00,0x04,0x00,0x00,0x02,
    0x00,0x00,0x00,0x00,0x04,0x00,0x00,0x52,0x00,0x00,0x00,0x00,0x04,0x00,0x00,0x02,
    0x00,0x00,0x00,0x00,0x04,0x00,0x00,0x02,0x00,0x00,0x00,0x00,0x00,0x05,0x10,0x02,
    0x00,0x00,0x00,0x52,0x00,0x00,0x10,0x02,0x00,0x00,0x02,0x01,0x00,0x00,0x10,0x02,
    0x00,0x00,0x81,0x03,0x33,0x30,0x10,0x02,0x00,0x00,0x33,0x31,0x00,0x00,0x20,0x02,
    0x00,0x00,0x02,0x89,0x01,0x06,0x21,0x62,0x00,0x00,0x62,0x62,0x01,0x03,0x33,0x33,
    0x00,0x00,0x01,0x00,0x02,0x00,0x12,0x02,0x00,0x00,0x01,0x00,0x01,0x05,0x10,0x02,
    0x00,0x01,0x52,0x00,0x00,0x00,0x02,0x02,0x00,0x02,0x01,0x11,0x02,0x00,0x01,0x02,
    0x00,0x01,0x02,0x21,0x02,0x00,0x11,0x52,0x00,0x01,0x02,0x11,0x02,0x00,0x12,0x02,
    0x00,0x01,0x01,0x20,0x51,0x00,0x11,0x02,0x00,0x01,0x01,0x20,0x02,0x00,0x21,0x02,
    0x00,0x01,0x01,0x00,0x02,0x00,0x51,0x02,0x33,0x32,0x33,0x33,0x33,0x33,0x31,0x32,
    0x00,0x01,0x00,0x00,0x00,0x00,0x01,0x02,0x00,0x00,0x00,0x10,0x00,0x00,0x01,0x52,
    0x00,0x00,0x00,0x15,0x33,0x33,0x33,0x52,0x00,0x00,0x00,0x00,0x00,0x00,0x00,0x02,
    /* Level 71 */
    0x00,0x00,0x00,0x00,0x00,0x00,0x00,0x72,0x00,0x00,0x00,0x00,0x00,0x00,0x00,0x02,
    0x00,0x00,0x00,0x00,0x00,0x00,0x00,0x52,0x00,0x00,0x00,0x00,0x00,0x00,0x00,0x02,
    0x00,0x00,0x00,0x09,0x00,0x00,0x00,0x02,0x00,0x00,0x00,0x02,0x01,0x00,0x00,0x02,
    0x00,0x00,0x00,0x33,0x33,0x33,0x33,0x32,0x00,0x00,0x00,0x51,0x01,0x00,0x00,0x02,
    0x00,0x00,0x00,0x01,0x00,0x00,0x00,0x02,0x00,0x00,0x00,0x51,0x00,0x00,0x00,0x02,
    0x00,0x00,0x00,0x01,0x05,0x33,0x33,0x32,0x00,0x00,0x10,0x02,0x01,0x01,0x00,0x52,
    0x00,0x02,0x10,0x01,0x00,0x01,0x00,0x02,0x00,0x02,0x10,0x00,0x00,0x01,0x00,0x82,
    0x00,0x00,0x10,0x00,0x00,0x00,0x00,0x02,0x00,0x00,0x00,0x00,0x00,0x00,0x00,0x02,
    0x00,0x08,0x10,0x00,0x00,0x52,0x01,0x02,0x00,0x01,0x00,0x00,0x00,0x02,0x01,0x02,
    0x00,0x01,0x00,0x00,0x00,0x00,0x00,0x52,0x00,0x51,0x00,0x40,0x00,0x00,0x00,0x02,
    0x00,0x01,0x00,0x40,0x00,0x00,0x00,0x02,0x00,0x03,0x33,0x40,0x00,0x00,0x02,0x52,
    0x00,0x01,0x00,0x40,0x00,0x00,0x51,0x02,0x00,0x02,0x03,0x33,0x00,0x00,0x00,0x02,
    0x00,0x02,0x00,0x00,0x00,0x00,0x00,0x02,0x33,0x66,0x66,0x33,0x33,0x33,0x33,0x32,
    0x00,0x00,0x00,0x00,0x00,0x00,0x00,0x82,0x00,0x00,0x00,0x00,0x00,0x00,0x00,0x02,
    /* Level 72 */
    0x00,0x00,0x00,0x00,0x00,0x00,0x00,0x72,0x00,0x00,0x00,0x00,0x00,0x00,0x00,0x02,
    0x00,0x00,0x00,0x00,0x00,0x00,0x00,0x02,0x00,0x00,0x00,0x00,0x00,0x00,0x10,0x52,
    0x00,0x33,0x33,0x00,0x00,0x00,0x20,0x02,0x00,0x00,0x00,0x00,0x01,0x00,0x10,0x02,
    0x00,0x00,0x00,0x00,0x01,0x00,0x20,0x22,0x00,0x00,0x00,0x00,0x52,0x00,0x10,0x12,
    0x00,0x00,0x00,0x00,0x04,0x00,0x05,0x22,0x00,0x00,0x00,0x00,0x00,0x00,0x00,0x12,
    0x00,0x00,0x00,0x00,0x00,0x00,0x00,0x02,0x00,0x00,0x02,0x00,0x02,0x51,0x05,0x12,
    0x00,0x00,0x09,0x00,0x01,0x02,0x51,0x22,0x00,0x00,0x59,0x00,0x03,0x33,0x33,0x32,
    0x00,0x00,0x01,0x00,0x01,0x12,0x51,0x12,0x06,0x66,0x61,0x00,0x01,0x11,0x00,0x02,
    0x00,0x00,0x02,0x00,0x01,0x14,0x01,0x52,0x00,0x00,0x51,0x00,0x00,0x14,0x82,0x52,
    0x00,0x00,0x01,0x00,0x00,0x20,0x01,0x02,0x00,0x00,0x00,0x00,0x00,0x12,0x01,0x52,
    0x00,0x00,0x02,0x00,0x00,0x22,0x00,0x02,0x00,0x00,0x51,0x00,0x83,0x33,0x33,0x52,
    0x00,0x00,0x33,0x33,0x33,0x12,0x00,0x02,0x00,0x00,0x03,0x33,0x00,0x10,0x00,0x02,
    0x00,0x00,0x01,0x00,0x00,0x20,0x00,0x02,0x00,0x00,0x01,0x00,0x00,0x10,0x00,0x02,
    0x33,0x33,0x33,0x33,0x33,0x33,0x33,0x32,0x00,0x00,0x00,0x00,0x00,0x00,0x00,0x02,
    /* Level 73 */
    0x00,0x00,0x00,0x00,0x00,0x00,0x00,0x72,0x00,0x00,0x00,0x66,0x66,0x60,0x00,0x02,
    0x00,0x00,0x00,0x00,0x00,0x00,0x00,0x02,0x00,0x00,0x00,0x00,0x00,0x00,0x00,0x52,
    0x00,0x00,0x00,0x06,0x66,0x00,0x00,0x02,0x00,0x01,0x00,0x00,0x00,0x00,0x00,0x52,
    0x00,0x52,0x00,0x00,0x00,0x00,0x00,0x02,0x00,0x02,0x00,0x00,0x00,0x00,0x00,0x02,
    0x00,0x51,0x04,0x00,0x00,0x00,0x00,0x02,0x00,0x52,0x04,0x00,0x00,0x00,0x00,0x02,
    0x00,0x01,0x04,0x00,0x02,0x00,0x00,0x12,0x00,0x01,0x03,0x33,0x33,0x00,0x33,0x33,
    0x00,0x00,0x04,0x00,0x09,0x00,0x00,0x12,0x00,0x01,0x04,0x00,0x00,0x00,0x00,0x12,
    0x00,0x01,0x03,0x33,0x30,0x00,0x00,0x82,0x00,0x01,0x00,0x05,0x20,0x00,0x00,0x02,
    0x00,0x00,0x52,0x00,0x11,0x00,0x00,0x12,0x00,0x00,0x02,0x08,0x10,0x00,0x00,0x12,
    0x00,0x00,0x59,0x03,0x33,0x33,0x00,0x22,0x00,0x00,0x00,0x00,0x00,0x00,0x04,0x22,
    0x00,0x00,0x00,0x00,0x00,0x00,0x04,0x22,0x00,0x00,0x81,0x00,0x03,0x33,0x33,0x12,
    0x00,0x00,0x01,0x00,0x00,0x00,0x04,0x22,0x00,0x00,0x53,0x33,0x30,0x00,0x04,0x12,
    0x33,0x33,0x33,0x33,0x33,0x33,0x34,0x12,0x00,0x00,0x00,0x00,0x00,0x00,0x04,0x52,
    0x00,0x00,0x00,0x00,0x00,0x00,0x00,0x02,0x00,0x00,0x00,0x00,0x00,0x00,0x00,0x02,
    /* Level 74 */
    0x00,0x00,0x00,0x00,0x00,0x00,0x00,0x72,0x00,0x00,0x00,0x40,0x00,0x02,0x00,0x02,
    0x00,0x00,0x00,0x40,0x00,0x02,0x00,0x02,0x00,0x00,0x00,0x40,0x00,0x51,0x00,0x52,
    0x00,0x00,0x00,0x40,0x00,0x51,0x00,0x02,0x00,0x00,0x00,0x40,0x00,0x01,0x01,0x52,
    0x00,0x00,0x00,0x40,0x00,0x00,0x01,0x02,0x00,0x00,0x00,0x40,0x00,0x00,0x02,0x02,
    0x00,0x00,0x00,0x42,0x00,0x02,0x02,0x12,0x00,0x00,0x00,0x42,0x00,0x02,0x02,0x22,
    0x00,0x00,0x00,0x41,0x00,0x00,0x00,0x12,0x00,0x00,0x00,0x52,0x00,0x00,0x52,0x22,
    0x00,0x00,0x81,0x00,0x00,0x00,0x11,0x12,0x00,0x00,0x01,0x02,0x00,0x00,0x11,0x12,
    0x00,0x05,0x33,0x30,0x00,0x00,0x10,0x12,0x00,0x00,0x00,0x00,0x00,0x00,0x04,0x12,
    0x00,0x00,0x00,0x10,0x00,0x00,0x04,0x12,0x00,0x00,0x02,0x20,0x00,0x00,0x94,0x22,
    0x00,0x00,0x01,0x10,0x00,0x00,0x00,0x52,0x00,0x33,0x31,0x16,0x66,0x66,0x00,0x02,
    0x00,0x00,0x01,0x10,0x00,0x00,0x00,0x02,0x00,0x00,0x81,0x00,0x00,0x00,0x00,0x02,
    0x00,0x00,0x01,0x00,0x00,0x00,0x00,0x02,0x00,0x00,0x01,0x00,0x00,0x00,0x00,0x02,
    0x00,0x00,0x00,0x90,0x03,0x33,0x30,0x02,0x00,0x00,0x00,0x33,0x33,0x30,0x00,0x02,
    0x33,0x33,0x33,0x33,0x33,0x33,0x33,0x32,0x00,0x00,0x00,0x00,0x00,0x00,0x00,0x02,
    /* Level 75 */
    0x00,0x00,0x00,0x00,0x00,0x00,0x00,0x72,0x00,0x00,0x00,0x00,0x00,0x00,0x00,0x02,
    0x00,0x00,0x00,0x03,0x33,0x33,0x00,0x02,0x00,0x00,0x53,0x33,0x00,0x00,0x00,0x02,
    0x06,0x66,0x66,0x00,0x00,0x00,0x00,0x02,0x00,0x00,0x00,0x00,0x00,0x66,0x66,0x62,
    0x00,0x00,0x00,0x00,0x00,0x00,0x00,0x02,0x00,0x00,0x00,0x00,0x00,0x00,0x00,0x02,
    0x00,0x05,0x20,0x00,0x00,0x03,0x33,0x33,0x00,0x00,0x10,0x00,0x00,0x33,0x30,0x02,
    0x00,0x00,0x10,0x00,0x00,0x00,0x00,0x52,0x00,0x00,0x20,0x00,0x00,0x00,0x00,0x52,
    0x00,0x00,0x10,0x00,0x00,0x00,0x00,0x02,0x00,0x00,0x10,0x00,0x00,0x00,0x00,0x02,
    0x00,0x00,0x10,0x00,0x00,0x00,0x00,0x02,0x00,0x00,0x10,0x00,0x33,0x33,0x30,0x02,
    0x00,0x53,0x33,0x33,0x35,0x20,0x00,0x02,0x00,0x00,0x00,0x00,0x00,0x10,0x00,0x02,
    0x00,0x00,0x20,0x00,0x00,0x90,0x00,0x02,0x00,0x05,0x10,0x00,0x05,0x20,0x00,0x02,
    0x00,0x00,0x11,0x01,0x00,0x20,0x00,0x02,0x00,0x05,0x21,0x01,0x05,0x10,0x00,0x02,
    0x00,0x00,0x11,0x00,0x00,0x20,0x00,0x82,0x00,0x00,0x10,0x00,0x05,0x10,0x00,0x02,
    0x00,0x00,0x10,0x00,0x00,0x00,0x00,0x02,0x33,0x33,0x82,0x31,0x33,0x33,0x33,0x32,
    0x00,0x00,0x00,0x01,0x00,0x00,0x00,0x02,0x00,0x00,0x00,0x00,0x00,0x00,0x00,0x02,
    /* Level 76 */
    0x00,0x00,0x00,0x00,0x00,0x00,0x00,0x72,0x00,0x03,0x33,0x33,0x00,0x00,0x00,0x02,
    0x00,0x00,0x40,0x00,0x00,0x00,0x00,0x02,0x00,0x00,0x40,0x00,0x00,0x51,0x00,0x02,
    0x00,0x00,0x40,0x00,0x00,0x01,0x00,0x52,0x00,0x00,0x40,0x00,0x00,0x00,0x00,0x02,
    0x00,0x66,0x46,0x60,0x00,0x00,0x00,0x02,0x00,0x00,0x40,0x00,0x00,0x00,0x00,0x52,
    0x00,0x00,0x00,0x00,0x00,0x03,0x33,0x33,0x00,0x00,0x00,0x00,0x00,0x02,0x00,0x02,
    0x00,0x00,0x00,0x91,0x00,0x01,0x00,0x02,0x00,0x00,0x00,0x12,0x00,0x01,0x00,0x02,
    0x00,0x00,0x00,0x21,0x00,0x04,0x00,0x52,0x00,0x00,0x45,0x12,0x10,0x04,0x00,0x82,
    0x00,0x00,0x43,0x33,0x30,0x04,0x00,0x02,0x00,0x00,0x40,0x05,0x10,0x00,0x00,0x52,
    0x00,0x00,0x40,0x01,0x11,0x00,0x00,0x02,0x00,0x00,0x05,0x91,0x21,0x00,0x00,0x02,
    0x00,0x00,0x00,0x03,0x33,0x30,0x00,0x02,0x00,0x00,0x00,0x02,0x20,0x00,0x00,0x02,
    0x00,0x00,0x01,0x33,0x33,0x30,0x00,0x52,0x00,0x00,0x82,0x89,0x01,0x00,0x00,0x52,
    0x00,0x00,0x02,0x01,0x12,0x53,0x33,0x02,0x33,0x33,0x52,0x81,0x12,0x33,0x33,0x32,
    0x00,0x00,0x00,0x01,0x21,0x00,0x00,0x02,0x00,0x00,0x00,0x00,0x20,0x00,0x00,0x02,
    0x00,0x00,0x00,0x00,0x00,0x00,0x00,0x52,0x00,0x00,0x00,0x00,0x00,0x00,0x00,0x02,
    /* Level 77 */
    0x00,0x00,0x00,0x00,0x00,0x00,0x00,0x72,0x00,0x00,0x00,0x00,0x00,0x00,0x00,0x02,
    0x00,0x00,0x00,0x00,0x00,0x00,0x00,0x52,0x00,0x00,0x00,0x00,0x00,0x00,0x00,0x02,
    0x00,0x00,0x05,0x20,0x00,0x00,0x00,0x02,0x00,0x00,0x05,0x10,0x00,0x00,0x00,0x02,
    0x00,0x00,0x05,0x20,0x00,0x00,0x00,0x02,0x00,0x00,0x00,0x10,0x00,0x00,0x00,0x02,
    0x00,0x04,0x03,0x33,0x30,0x00,0x00,0x02,0x00,0x04,0x00,0x00,0x00,0x00,0x00,0x02,
    0x00,0x04,0x00,0x00,0x00,0x00,0x00,0x82,0x00,0x04,0x00,0x00,0x00,0x00,0x00,0x02,
    0x00,0x00,0x00,0x00,0x00,0x00,0x00,0x82,0x00,0x00,0x00,0x00,0x00,0x00,0x00,0x22,
    0x00,0x00,0x02,0x05,0x33,0x33,0x33,0x92,0x00,0x05,0x33,0x30,0x00,0x00,0x00,0x22,
    0x00,0x00,0x02,0x00,0x52,0x04,0x05,0x12,0x00,0x00,0x01,0x00,0x01,0x04,0x00,0x12,
    0x00,0x00,0x01,0x00,0x02,0x04,0x00,0x02,0x00,0x00,0x52,0x03,0x33,0x33,0x20,0x02,
    0x00,0x00,0x52,0x00,0x00,0x04,0x10,0x02,0x00,0x00,0x01,0x00,0x00,0x04,0x10,0x02,
    0x00,0x00,0x02,0x00,0x00,0x04,0x00,0x52,0x00,0x00,0x51,0x00,0x05,0x33,0x33,0x32,
    0x00,0x00,0x02,0x00,0x00,0x08,0x10,0x02,0x00,0x00,0x00,0x66,0x60,0x00,0x20,0x02,
    0x00,0x00,0x00,0x00,0x00,0x00,0x00,0x52,0x33,0x33,0x33,0x33,0x33,0x33,0x33,0x32,
    /* Level 78 */
    0x00,0x00,0x00,0x00,0x00,0x00,0x00,0x72,0x00,0x00,0x00,0x00,0x00,0x00,0x00,0x02,
    0x00,0x00,0x00,0x00,0x02,0x00,0x04,0x02,0x00,0x00,0x00,0x20,0x02,0x33,0x33,0x32,
    0x00,0x44,0x00,0x25,0x33,0x32,0x04,0x02,0x00,0x44,0x00,0x90,0x00,0x01,0x04,0x02,
    0x00,0x44,0x00,0x10,0x02,0x01,0x00,0x02,0x00,0x44,0x09,0x10,0x52,0x00,0x00,0x52,
    0x00,0x44,0x51,0x00,0x02,0x00,0x00,0x02,0x00,0x44,0x02,0x00,0x01,0x00,0x00,0x02,
    0x00,0x04,0x09,0x00,0x33,0x31,0x00,0x02,0x00,0x00,0x01,0x12,0x22,0x01,0x00,0x02,
    0x00,0x00,0x02,0x21,0x22,0x82,0x00,0x82,0x00,0x00,0x01,0x10,0x11,0x51,0x00,0x02,
    0x00,0x00,0x05,0x10,0x11,0x51,0x00,0x02,0x00,0x00,0x01,0x12,0x82,0x02,0x00,0x02,
    0x00,0x00,0x52,0x11,0x11,0x01,0x00,0x02,0x00,0x00,0x02,0x21,0x01,0x01,0x00,0x02,
    0x00,0x00,0x52,0x11,0x01,0x02,0x33,0x33,0x00,0x00,0x00,0x01,0x01,0x01,0x00,0x02,
    0x00,0x02,0x00,0x81,0x00,0x01,0x00,0x02,0x00,0x01,0x00,0x02,0x00,0x00,0x00,0x02,
    0x00,0x01,0x00,0x03,0x33,0x33,0x00,0x02,0x00,0x01,0x00,0x00,0x00,0x00,0x00,0x52,
    0x00,0x02,0x00,0x00,0x00,0x00,0x00,0x52,0x00,0x00,0x00,0x00,0x00,0x00,0x00,0x02,
    0x33,0x33,0x33,0x33,0x33,0x33,0x33,0x32,0x00,0x00,0x00,0x00,0x00,0x00,0x00,0x02,
    /* Level 79 */
    0x00,0x00,0x00,0x00,0x00,0x00,0x00,0x72,0x00,0x00,0x00,0x00,0x00,0x00,0x00,0x52,
    0x00,0x00,0x66,0x66,0x00,0x00,0x00,0x02,0x00,0x40,0x00,0x00,0x00,0x00,0x00,0x52,
    0x00,0x40,0x00,0x00,0x33,0x33,0x33,0x52,0x00,0x40,0x00,0x00,0x00,0x04,0x00,0x02,
    0x00,0x00,0x00,0x00,0x00,0x04,0x00,0x52,0x00,0x00,0x00,0x00,0x00,0x04,0x00,0x52,
    0x00,0x00,0x10,0x00,0x00,0x04,0x00,0x02,0x00,0x05,0x10,0x00,0x00,0x05,0x10,0x52,
    0x00,0x08,0x11,0x00,0x00,0x00,0x10,0x52,0x05,0x33,0x33,0x30,0x00,0x40,0x20,0x02,
    0x00,0x00,0x21,0x00,0x03,0x33,0x30,0x02,0x00,0x00,0x22,0x00,0x00,0x48,0x10,0x02,
    0x00,0x05,0x24,0x00,0x06,0x46,0x16,0x82,0x00,0x00,0x14,0x10,0x02,0x40,0x10,0x82,
    0x00,0x00,0x11,0x10,0x01,0x40,0x00,0x52,0x00,0x00,0x04,0x20,0x00,0x00,0x00,0x52,
    0x00,0x00,0x04,0x20,0x52,0x00,0x52,0x12,0x00,0x00,0x14,0x00,0x01,0x00,0x22,0x12,
    0x00,0x00,0x03,0x33,0x32,0x00,0x12,0x12,0x00,0x00,0x00,0x00,0x33,0x33,0x31,0x12,
    0x00,0x00,0x05,0x20,0x00,0x00,0x12,0x22,0x00,0x00,0x00,0x10,0x00,0x00,0x11,0x12,
    0x00,0x00,0x00,0x10,0x00,0x05,0x20,0x02,0x33,0x33,0x33,0x33,0x33,0x33,0x33,0x32,
    0x00,0x00,0x05,0x33,0x33,0x00,0x00,0x02,0x00,0x00,0x00,0x00,0x00,0x00,0x00,0x02,
    /* Level 80 */
    0x00,0x00,0x00,0x00,0x00,0x00,0x00,0x72,0x00,0x00,0x00,0x00,0x00,0x02,0x00,0x02,
    0x00,0x40,0x00,0x00,0x02,0x01,0x00,0x52,0x00,0x40,0x00,0x00,0x02,0x01,0x00,0x02,
    0x00,0x40,0x00,0x00,0x51,0x00,0x20,0x02,0x00,0x40,0x00,0x00,0x00,0x00,0x24,0x02,
    0x00,0x00,0x00,0x00,0x02,0x01,0x14,0x52,0x00,0x00,0x00,0x00,0x21,0x02,0x24,0x02,
    0x00,0x00,0x00,0x00,0x13,0x33,0x33,0x32,0x00,0x00,0x00,0x00,0x11,0x01,0x24,0x82,
    0x00,0x01,0x00,0x00,0x11,0x01,0x14,0x52,0x00,0x02,0x00,0x00,0x11,0x52,0x20,0x82,
    0x00,0x01,0x00,0x00,0x11,0x51,0x00,0x82,0x00,0x00,0x00,0x01,0x02,0x01,0x20,0x02,
    0x00,0x02,0x00,0x02,0x33,0x32,0x20,0x02,0x00,0x51,0x00,0x01,0x01,0x00,0x20,0x82,
    0x00,0x01,0x00,0x04,0x01,0x00,0x10,0x02,0x00,0x43,0x33,0x01,0x52,0x33,0x33,0x33,
    0x00,0x40,0x00,0x02,0x00,0x05,0x12,0x12,0x00,0x40,0x00,0x01,0x00,0x00,0x11,0x02,
    0x00,0x40,0x00,0x01,0x00,0x00,0x51,0x12,0x00,0x33,0x33,0x30,0x00,0x00,0x00,0x12,
    0x00,0x00,0x00,0x00,0x00,0x00,0x02,0x22,0x00,0x00,0x00,0x33,0x33,0x00,0x02,0x02,
    0x05,0x33,0x33,0x30,0x00,0x00,0x02,0x02,0x06,0x66,0x60,0x00,0x00,0x00,0x00,0x02,
    0x00,0x00,0x00,0x00,0x00,0x00,0x00,0x52,0x33,0x33,0x33,0x33,0x33,0x33,0x33,0x32,
    /* Level 81 */
    0x00,0x00,0x00,0x00,0x00,0x00,0x00,0x72,0x00,0x00,0x03,0x33,0x30,0x00,0x00,0x02,
    0x00,0x00,0x00,0x00,0x00,0x01,0x00,0x02,0x00,0x00,0x00,0x00,0x00,0x02,0x00,0x02,
    0x00,0x00,0x00,0x00,0x40,0x00,0x00,0x52,0x00,0x00,0x00,0x00,0x40,0x00,0x00,0x52,
    0x00,0x00,0x00,0x00,0x40,0x02,0x00,0x52,0x00,0x00,0x00,0x00,0x40,0x01,0x10,0x02,
    0x00,0x00,0x00,0x00,0x40,0x52,0x90,0x52,0x00,0x00,0x00,0x00,0x40,0x00,0x20,0x02,
    0x00,0x02,0x00,0x00,0x40,0x00,0x10,0x02,0x00,0x01,0x00,0x00,0x40,0x00,0x20,0x02,
    0x00,0x01,0x00,0x06,0x46,0x00,0x40,0x02,0x00,0x03,0x33,0x33,0x30,0x05,0x10,0x02,
    0x00,0x82,0x00,0x01,0x40,0x00,0x20,0x52,0x00,0x51,0x00,0x02,0x00,0x00,0x00,0x02,
    0x00,0x02,0x10,0x02,0x06,0x66,0x66,0x02,0x00,0x02,0x10,0x00,0x00,0x00,0x00,0x02,
    0x00,0x03,0x33,0x33,0x30,0x00,0x00,0x02,0x00,0x02,0x10,0x00,0x00,0x00,0x00,0x82,
    0x00,0x01,0x33,0x31,0x00,0x00,0x00,0x02,0x00,0x00,0x00,0x02,0x00,0x00,0x00,0x02,
    0x00,0x03,0x33,0x51,0x00,0x00,0x00,0x52,0x00,0x82,0x00,0x01,0x00,0x00,0x00,0x02,
    0x00,0x01,0x00,0x00,0x00,0x00,0x00,0x02,0x00,0x00,0x00,0x00,0x00,0x00,0x00,0x02,
    0x00,0x00,0x00,0x00,0x00,0x00,0x00,0x82,0x33,0x33,0x33,0x33,0x33,0x33,0x33,0x32,
    /* Level 82 */
    0x00,0x00,0x00,0x00,0x00,0x00,0x00,0x72,0x00,0x00,0x00,0x00,0x00,0x00,0x00,0x02,
    0x00,0x00,0x00,0x00,0x00,0x00,0x00,0x02,0x00,0x00,0x00,0x00,0x00,0x00,0x00,0x02,
    0x00,0x00,0x66,0x66,0x66,0x66,0x66,0x02,0x00,0x00,0x00,0x00,0x00,0x00,0x05,0x12,
    0x00,0x00,0x00,0x00,0x20,0x33,0x33,0x32,0x00,0x00,0x00,0x00,0x10,0x04,0x00,0x22,
    0x00,0x00,0x03,0x33,0x10,0x04,0x05,0x12,0x00,0x03,0x33,0x33,0x10,0x02,0x05,0x12,
    0x00,0x00,0x00,0x00,0x20,0x02,0x00,0x12,0x00,0x00,0x04,0x00,0x33,0x33,0x01,0x12,
    0x00,0x00,0x04,0x00,0x00,0x51,0x02,0x12,0x00,0x00,0x04,0x00,0x00,0x52,0x09,0x02,
    0x00,0x00,0x04,0x00,0x00,0x04,0x02,0x02,0x00,0x01,0x04,0x00,0x01,0x04,0x01,0x02,
    0x00,0x01,0x04,0x00,0x01,0x10,0x02,0x02,0x00,0x51,0x04,0x00,0x52,0x20,0x02,0x02,
    0x00,0x00,0x00,0x00,0x02,0x00,0x01,0x82,0x00,0x51,0x00,0x00,0x01,0x00,0x01,0x02,
    0x00,0x51,0x00,0x00,0x52,0x00,0x00,0x02,0x00,0x00,0x00,0x00,0x01,0x10,0x00,0x02,
    0x00,0x00,0x00,0x00,0x02,0x20,0x00,0x02,0x00,0x00,0x00,0x00,0x01,0x20,0x01,0x02,
    0x33,0x33,0x33,0x33,0x33,0x33,0x31,0x52,0x00,0x00,0x00,0x00,0x08,0x10,0x01,0x02,
    0x00,0x00,0x00,0x00,0x00,0x00,0x00,0x82,0x00,0x00,0x00,0x00,0x00,0x00,0x00,0x02,
    /* Level 83 */
    0x00,0x00,0x00,0x00,0x00,0x00,0x00,0x72,0x00,0x00,0x00,0x00,0x00,0x33,0x33,0x52,
    0x00,0x00,0x00,0x00,0x00,0x00,0x00,0x02,0x00,0x00,0x00,0x00,0x00,0x00,0x00,0x02,
    0x00,0x00,0x00,0x00,0x00,0x00,0x00,0x02,0x00,0x00,0x00,0x04,0x00,0x00,0x00,0x02,
    0x00,0x05,0x33,0x33,0x30,0x00,0x00,0x52,0x00,0x00,0x00,0x04,0x00,0x51,0x00,0x12,
    0x00,0x00,0x00,0x04,0x05,0x21,0x26,0x12,0x00,0x00,0x00,0x03,0x33,0x33,0x25,0x12,
    0x00,0x00,0x00,0x04,0x00,0x01,0x15,0x12,0x00,0x00,0x00,0x04,0x00,0x02,0x10,0x52,
    0x00,0x00,0x00,0x00,0x00,0x11,0x21,0x52,0x00,0x00,0x00,0x00,0x00,0x11,0x12,0x62,
    0x00,0x00,0x00,0x02,0x20,0x11,0x21,0x12,0x00,0x00,0x00,0x02,0x10,0x52,0x25,0x12,
    0x00,0x00,0x33,0x33,0x33,0x33,0x33,0x12,0x00,0x53,0x33,0x33,0x30,0x01,0x02,0x12,
    0x00,0x04,0x00,0x01,0x10,0x02,0x02,0x12,0x00,0x04,0x40,0x52,0x90,0x00,0x01,0x22,
    0x00,0x04,0x40,0x81,0x20,0x00,0x51,0x12,0x00,0x04,0x40,0x01,0x10,0x52,0x00,0x82,
    0x00,0x04,0x00,0x00,0x20,0x00,0x00,0x02,0x33,0x34,0x33,0x33,0x13,0x33,0x33,0x52,
    0x00,0x04,0x00,0x00,0x00,0x00,0x00,0x82,0x00,0x00,0x00,0x00,0x53,0x33,0x33,0x32,
    0x00,0x00,0x00,0x00,0x00,0x00,0x00,0x02,0x00,0x00,0x00,0x00,0x00,0x00,0x00,0x02,
    /* Level 84 */
    0x00,0x00,0x00,0x00,0x00,0x00,0x00,0x72,0x00,0x00,0x53,0x33,0x00,0x00,0x00,0x02,
    0x00,0x00,0x00,0x00,0x51,0x00,0x00,0x52,0x00,0x00,0x00,0x10,0x01,0x00,0x00,0x52,
    0x00,0x00,0x05,0x90,0x02,0x00,0x00,0x02,0x00,0x00,0x00,0x10,0x00,0x00,0x00,0x02,
    0x00,0x00,0x00,0x12,0x00,0x00,0x00,0x02,0x00,0x00,0x00,0x21,0x00,0x00,0x00,0x02,
    0x00,0x00,0x00,0x22,0x02,0x00,0x00,0x52,0x00,0x00,0x08,0x12,0x61,0x60,0x00,0x02,
    0x00,0x00,0x02,0x11,0x01,0x00,0x00,0x02,0x00,0x00,0x51,0x01,0x01,0x00,0x01,0x82,
    0x00,0x00,0x01,0x01,0x11,0x01,0x01,0x02,0x00,0x00,0x02,0x01,0x22,0x02,0x00,0x12,
    0x00,0x06,0x66,0x02,0x21,0x81,0x00,0x12,0x00,0x00,0x01,0x02,0x33,0x33,0x33,0x02,
    0x00,0x00,0x01,0x01,0x21,0x51,0x01,0x02,0x00,0x00,0x51,0x02,0x11,0x01,0x33,0x33,
    0x00,0x33,0x33,0x31,0x21,0x01,0x00,0x12,0x00,0x00,0x01,0x01,0x00,0x51,0x00,0x12,
    0x00,0x00,0x02,0x33,0x33,0x33,0x00,0x52,0x00,0x00,0x51,0x02,0x10,0x01,0x00,0x02,
    0x00,0x00,0x01,0x00,0x10,0x01,0x00,0x02,0x00,0x00,0x01,0x00,0x10,0x52,0x00,0x02,
    0x00,0x00,0x01,0x00,0x00,0x00,0x00,0x02,0x00,0x00,0x02,0x00,0x00,0x00,0x00,0x02,
    0x33,0x33,0x31,0x33,0x33,0x33,0x33,0x32,0x00,0x00,0x00,0x00,0x00,0x00,0x00,0x02,
    /* Level 85 */
    0x00,0x00,0x00,0x00,0x00,0x00,0x00,0x72,0x00,0x00,0x00,0x00,0x00,0x53,0x33,0x33,
    0x00,0x00,0x00,0x00,0x00,0x00,0x00,0x02,0x00,0x00,0x00,0x00,0x00,0x00,0x00,0x02,
    0x00,0x51,0x00,0x00,0x00,0x00,0x00,0x02,0x00,0x51,0x05,0x33,0x30,0x00,0x00,0x02,
    0x00,0x00,0x00,0x00,0x00,0x00,0x00,0x02,0x00,0x00,0x00,0x33,0x33,0x30,0x01,0x02,
    0x00,0x00,0x00,0x00,0x00,0x00,0x51,0x52,0x00,0x01,0x00,0x00,0x00,0x00,0x01,0x02,
    0x00,0x02,0x11,0x00,0x00,0x00,0x51,0x02,0x00,0x02,0x12,0x00,0x00,0x00,0x33,0x32,
    0x00,0x01,0x12,0x01,0x00,0x00,0x01,0x02,0x00,0x03,0x33,0x33,0x30,0x00,0x52,0x82,
    0x00,0x05,0x29,0x51,0x00,0x12,0x01,0x02,0x00,0x00,0x11,0x01,0x00,0x21,0x04,0x52,
    0x00,0x00,0x21,0x51,0x00,0x21,0x01,0x82,0x00,0x04,0x21,0x00,0x00,0x11,0x01,0x52,
    0x00,0x04,0x20,0x00,0x06,0x62,0x62,0x02,0x00,0x04,0x10,0x00,0x00,0x40,0x22,0x02,
    0x00,0x03,0x33,0x33,0x35,0x15,0x12,0x02,0x00,0x00,0x21,0x01,0x00,0x40,0x21,0x02,
    0x00,0x00,0x21,0x81,0x00,0x40,0x02,0x52,0x00,0x00,0x01,0x01,0x00,0x40,0x04,0x02,
    0x00,0x00,0x00,0x01,0x00,0x40,0x00,0x52,0x33,0x33,0x33,0x33,0x33,0x33,0x33,0x32,
    0x00,0x00,0x00,0x00,0x00,0x00,0x00,0x02,0x00,0x00,0x00,0x00,0x00,0x00,0x00,0x02,
    /* Level 86 */
    0x00,0x00,0x00,0x00,0x00,0x00,0x00,0x72,0x00,0x00,0x00,0x00,0x00,0x10,0x00,0x02,
    0x00,0x00,0x00,0x00,0x00,0x20,0x00,0x02,0x00,0x40,0x00,0x00,0x00,0x20,0x00,0x52,
    0x00,0x40,0x00,0x00,0x05,0x20,0x00,0x02,0x00,0x40,0x00,0x00,0x05,0x20,0x20,0x02,
    0x00,0x41,0x00,0x00,0x00,0x10,0x10,0x02,0x00,0x41,0x00,0x00,0x00,0x33,0x33,0x33,
    0x06,0x42,0x60,0x00,0x00,0x05,0x10,0x02,0x00,0x42,0x00,0x00,0x00,0x10,0x01,0x52,
    0x00,0x00,0x00,0x00,0x05,0x10,0x02,0x02,0x00,0x01,0x00,0x00,0x00,0x10,0x61,0x62,
    0x00,0x02,0x00,0x00,0x04,0x10,0x02,0x02,0x00,0x02,0x00,0x00,0x04,0x10,0x01,0x82,
    0x00,0x01,0x00,0x00,0x04,0x20,0x00,0x02,0x00,0x01,0x00,0x00,0x03,0x33,0x33,0x32,
    0x00,0x02,0x33,0x30,0x14,0x10,0x00,0x22,0x00,0x02,0x00,0x10,0x24,0x10,0x00,0x12,
    0x00,0x01,0x00,0x20,0x14,0x00,0x00,0x12,0x00,0x01,0x00,0x15,0x14,0x01,0x00,0x12,
    0x00,0x51,0x00,0x10,0x20,0x51,0x00,0x22,0x00,0x42,0x00,0x10,0x00,0x02,0x05,0x22,
    0x00,0x41,0x33,0x33,0x33,0x01,0x00,0x02,0x00,0x41,0x00,0x20,0x00,0x02,0x05,0x12,
    0x00,0x40,0x00,0x00,0x10,0x02,0x00,0x12,0x00,0x40,0x83,0x33,0x33,0x33,0x00,0x82,
    0x00,0x40,0x00,0x00,0x00,0x01,0x00,0x02,0x33,0x33,0x33,0x33,0x33,0x33,0x33,0x32,
    /* Level 87 */
    0x00,0x00,0x00,0x00,0x00,0x00,0x00,0x72,0x00,0x00,0x20,0x00,0x03,0x33,0x33,0x52,
    0x00,0x05,0x20,0x00,0x00,0x33,0x30,0x52,0x00,0x05,0x20,0x00,0x00,0x00,0x00,0x02,
    0x00,0x00,0x20,0x05,0x33,0x33,0x30,0x52,0x00,0x00,0x10,0x00,0x00,0x00,0x00,0x52,
    0x00,0x01,0x10,0x00,0x00,0x00,0x00,0x52,0x00,0x02,0x20,0x00,0x00,0x00,0x00,0x02,
    0x00,0x01,0x12,0x00,0x00,0x00,0x00,0x52,0x00,0x01,0x12,0x00,0x00,0x00,0x00,0x02,
    0x00,0x01,0x11,0x00,0x00,0x00,0x20,0x02,0x00,0x05,0x11,0x00,0x00,0x05,0x10,0x02,
    0x00,0x00,0x81,0x00,0x05,0x33,0x33,0x02,0x00,0x00,0x51,0x00,0x06,0x66,0x21,0x12,
    0x00,0x00,0x04,0x00,0x40,0x00,0x91,0x22,0x00,0x00,0x04,0x00,0x40,0x00,0x21,0x12,
    0x00,0x00,0x01,0x00,0x40,0x00,0x15,0x12,0x00,0x00,0x52,0x00,0x40,0x00,0x00,0x22,
    0x00,0x00,0x02,0x00,0x40,0x00,0x00,0x22,0x00,0x00,0x52,0x00,0x40,0x00,0x02,0x82,
    0x00,0x00,0x59,0x00,0x40,0x00,0x11,0x22,0x00,0x00,0x00,0x00,0x00,0x00,0x00,0x22,
    0x00,0x00,0x00,0x00,0x00,0x00,0x08,0x22,0x33,0x33,0x33,0x33,0x33,0x33,0x33,0x22,
    0x00,0x00,0x00,0x00,0x00,0x00,0x00,0x02,0x00,0x00,0x00,0x00,0x00,0x03,0x33,0x33,
    0x00,0x00,0x00,0x00,0x00,0x00,0x00,0x52,0x00,0x00,0x00,0x00,0x00,0x00,0x00,0x02,
    /* Level 88 */
    0x00,0x00,0x00,0x00,0x00,0x00,0x00,0x72,0x00,0x00,0x00,0x00,0x00,0x00,0x00,0x02,
    0x00,0x00,0x00,0x00,0x00,0x00,0x00,0x02,0x00,0x00,0x00,0x00,0x00,0x33,0x33,0x33,
    0x00,0x00,0x00,0x00,0x00,0x00,0x00,0x02,0x00,0x00,0x00,0x00,0x00,0x00,0x00,0x02,
    0x00,0x00,0x00,0x00,0x00,0x00,0x00,0x02,0x00,0x00,0x00,0x01,0x10,0x00,0x04,0x02,
    0x00,0x00,0x00,0x01,0x10,0x00,0x04,0x52,0x00,0x33,0x33,0x59,0x20,0x00,0x04,0x02,
    0x00,0x00,0x00,0x52,0x20,0x00,0x04,0x52,0x00,0x00,0x00,0x00,0x10,0x00,0x04,0x52,
    0x00,0x00,0x00,0x00,0x10,0x00,0x04,0x02,0x00,0x00,0x00,0x52,0x20,0x00,0x04,0x02,
    0x00,0x00,0x00,0x52,0x20,0x00,0x04,0x02,0x00,0x00,0x00,0x52,0x10,0x00,0x00,0x02,
    0x00,0x00,0x00,0x52,0x10,0x33,0x33,0x32,0x00,0x00,0x00,0x02,0x20,0x00,0x00,0x02,
    0x00,0x00,0x00,0x01,0x00,0x00,0x00,0x02,0x00,0x00,0x06,0x62,0x33,0x30,0x00,0x12,
    0x00,0x00,0x51,0x01,0x20,0x10,0x00,0x12,0x00,0x33,0x33,0x33,0x28,0x20,0x05,0x12,
    0x00,0x00,0x00,0x51,0x10,0x10,0x04,0x52,0x00,0x00,0x00,0x01,0x53,0x33,0x33,0x32,
    0x00,0x00,0x09,0x02,0x00,0x00,0x04,0x12,0x33,0x33,0x82,0x33,0x33,0x33,0x34,0x12,
    0x00,0x00,0x00,0x00,0x05,0x10,0x00,0x82,0x00,0x00,0x00,0x00,0x00,0x00,0x00,0x02,
    /* Level 89 */
    0x00,0x00,0x00,0x00,0x00,0x00,0x00,0x72,0x00,0x00,0x00,0x00,0x05,0x33,0x30,0x02,
    0x00,0x00,0x00,0x20,0x00,0x00,0x00,0x02,0x00,0x00,0x05,0x20,0x00,0x00,0x00,0x02,
    0x00,0x00,0x05,0x20,0x00,0x00,0x00,0x52,0x00,0x53,0x33,0x30,0x00,0x00,0x00,0x52,
    0x00,0x00,0x20,0x90,0x00,0x00,0x00,0x02,0x00,0x00,0x10,0x10,0x00,0x00,0x00,0x02,
    0x06,0x66,0x10,0x10,0x00,0x00,0x00,0x02,0x00,0x00,0x25,0x20,0x00,0x00,0x29,0x02,
    0x00,0x81,0x10,0x10,0x00,0x00,0x11,0x02,0x00,0x01,0x40,0x33,0x33,0x30,0x22,0x02,
    0x00,0x02,0x20,0x00,0x00,0x10,0x21,0x52,0x00,0x01,0x10,0x00,0x01,0x14,0x11,0x02,
    0x00,0x01,0x20,0x20,0x02,0x04,0x22,0x82,0x00,0x51,0x26,0x00,0x52,0x04,0x11,0x02,
    0x00,0x00,0x20,0x00,0x05,0x14,0x21,0x02,0x00,0x03,0x33,0x33,0x02,0x14,0x02,0x02,
    0x00,0x02,0x41,0x00,0x02,0x24,0x02,0x02,0x00,0x02,0x42,0x03,0x33,0x33,0x01,0x02,
    0x00,0x01,0x82,0x00,0x01,0x10,0x02,0x82,0x00,0x01,0x02,0x00,0x02,0x10,0x51,0x52,
    0x00,0x01,0x00,0x00,0x00,0x20,0x02,0x02,0x33,0x52,0x33,0x33,0x35,0x23,0x33,0x32,
    0x00,0x00,0x00,0x00,0x05,0x10,0x00,0x02,0x00,0x00,0x00,0x00,0x00,0x10,0x00,0x02,
    0x00,0x00,0x00,0x00,0x00,0x10,0x00,0x02,0x00,0x00,0x00,0x00,0x00,0x00,0x00,0x02,
    /* Level 90 */
    0x00,0x00,0x00,0x00,0x00,0x00,0x00,0x72,0x00,0x00,0x00,0x00,0x00,0x00,0x00,0x02,
    0x00,0x00,0x00,0x00,0x00,0x52,0x00,0x02,0x00,0x00,0x02,0x00,0x00,0x51,0x00,0x02,
    0x00,0x00,0x02,0x00,0x00,0x59,0x00,0x02,0x05,0x33,0x32,0x10,0x00,0x01,0x00,0x02,
    0x00,0x00,0x52,0x20,0x00,0x00,0x00,0x02,0x00,0x00,0x09,0x00,0x00,0x00,0x00,0x02,
    0x00,0x00,0x01,0x00,0x33,0x33,0x33,0x33,0x00,0x00,0x01,0x00,0x00,0x01,0x81,0x12,
    0x00,0x00,0x51,0x10,0x00,0x02,0x82,0x22,0x00,0x04,0x01,0x10,0x00,0x02,0x51,0x22,
    0x00,0x04,0x00,0x66,0x66,0x02,0x45,0x22,0x00,0x04,0x00,0x00,0x00,0x00,0x33,0x32,
    0x00,0x04,0x00,0x00,0x00,0x00,0x40,0x02,0x00,0x04,0x01,0x00,0x00,0x00,0x40,0x02,
    0x00,0x04,0x01,0x00,0x00,0x00,0x40,0x02,0x00,0x04,0x02,0x33,0x33,0x33,0x40,0x02,
    0x00,0x04,0x82,0x05,0x20,0x00,0x00,0x02,0x00,0x00,0x82,0x00,0x20,0x00,0x00,0x02,
    0x00,0x00,0x02,0x05,0x20,0x00,0x00,0x02,0x00,0x00,0x00,0x00,0x00,0x33,0x33,0x32,
    0x00,0x00,0x00,0x00,0x00,0x00,0x00,0x02,0x33,0x33,0x33,0x33,0x33,0x33,0x33,0x32,
    0x00,0x00,0x00,0x00,0x10,0x00,0x00,0x02,0x00,0x00,0x00,0x00,0x20,0x00,0x00,0x02,
    0x00,0x00,0x00,0x05,0x16,0x60,0x00,0x02,0x00,0x00,0x00,0x00,0x00,0x00,0x00,0x02,
    /* Level 91 */
    0x00,0x00,0x00,0x00,0x00,0x00,0x00,0x72,0x00,0x00,0x00,0x00,0x00,0x33,0x33,0x33,
    0x00,0x00,0x00,0x00,0x00,0x00,0x00,0x52,0x00,0x00,0x00,0x33,0x33,0x31,0x00,0x02,
    0x00,0x00,0x00,0x00,0x00,0x01,0x20,0x52,0x00,0x00,0x00,0x00,0x01,0x52,0x10,0x02,
    0x00,0x00,0x00,0x00,0x51,0x00,0x00,0x02,0x00,0x00,0x00,0x03,0x33,0x33,0x20,0x52,
    0x00,0x04,0x00,0x02,0x41,0x00,0x20,0x02,0x00,0x04,0x52,0x13,0x33,0x33,0x30,0x02,
    0x00,0x04,0x61,0x22,0x40,0x00,0x10,0x02,0x00,0x04,0x51,0x21,0x00,0x00,0x00,0x02,
    0x00,0x04,0x01,0x11,0x00,0x40,0x00,0x52,0x00,0x04,0x82,0x12,0x00,0x40,0x00,0x02,
    0x00,0x04,0x02,0x12,0x00,0x40,0x00,0x02,0x00,0x00,0x01,0x02,0x00,0x00,0x00,0x52,
    0x00,0x00,0x02,0x11,0x10,0x00,0x00,0x02,0x00,0x00,0x01,0x11,0x20,0x00,0x00,0x02,
    0x00,0x00,0x02,0x33,0x33,0x00,0x00,0x52,0x00,0x00,0x01,0x10,0x00,0x00,0x00,0x02,
    0x00,0x00,0x02,0x00,0x10,0x00,0x00,0x02,0x00,0x00,0x02,0x00,0x10,0x00,0x33,0x33,
    0x00,0x00,0x01,0x05,0x20,0x00,0x00,0x02,0x00,0x00,0x09,0x00,0x20,0x00,0x00,0x02,
    0x00,0x00,0x81,0x05,0x10,0x00,0x00,0x52,0x00,0x00,0x00,0x00,0x10,0x00,0x00,0x82,
    0x00,0x03,0x33,0x38,0x10,0x00,0x00,0x52,0x33,0x33,0x33,0x33,0x33,0x33,0x33,0x32,
    /* Level 92 */
    0x00,0x00,0x00,0x00,0x00,0x00,0x00,0x72,0x00,0x00,0x00,0x00,0x20,0x00,0x00,0x02,
    0x00,0x00,0x00,0x00,0x33,0x33,0x33,0x02,0x00,0x00,0x00,0x53,0x33,0x33,0x00,0x02,
    0x00,0x00,0x03,0x33,0x30,0x00,0x04,0x52,0x00,0x00,0x00,0x00,0x20,0x00,0x04,0x22,
    0x00,0x00,0x00,0x00,0x90,0x00,0x04,0x22,0x00,0x00,0x00,0x02,0x20,0x00,0x04,0x92,
    0x00,0x00,0x00,0x12,0x00,0x00,0x00,0x12,0x00,0x40,0x00,0x11,0x00,0x00,0x00,0x12,
    0x00,0x40,0x00,0x11,0x00,0x00,0x05,0x22,0x00,0x40,0x00,0x11,0x15,0x10,0x00,0x12,
    0x00,0x40,0x00,0x12,0x15,0x20,0x02,0x02,0x00,0x40,0x05,0x12,0x20,0x10,0x81,0x02,
    0x00,0x40,0x00,0x11,0x15,0x20,0x02,0x12,0x00,0x40,0x00,0x22,0x10,0x10,0x00,0x22,
    0x00,0x00,0x51,0x11,0x20,0x00,0x01,0x22,0x00,0x00,0x01,0x51,0x10,0x00,0x02,0x22,
    0x00,0x00,0x01,0x22,0x20,0x10,0x41,0x22,0x00,0x00,0x01,0x21,0x05,0x10,0x41,0x02,
    0x00,0x01,0x01,0x10,0x00,0x33,0x31,0x02,0x00,0x01,0x00,0x01,0x05,0x28,0x33,0x33,
    0x00,0x02,0x00,0x02,0x00,0x00,0x82,0x02,0x00,0x02,0x66,0x00,0x00,0x00,0x02,0x02,
    0x00,0x00,0x00,0x00,0x00,0x00,0x01,0x02,0x00,0x00,0x00,0x00,0x00,0x00,0x00,0x02,
    0x33,0x33,0x33,0x33,0x33,0x33,0x33,0x32,0x00,0x00,0x00,0x00,0x00,0x00,0x00,0x02,
    /* Level 93 */
    0x00,0x00,0x00,0x00,0x00,0x00,0x00,0x72,0x00,0x00,0x00,0x00,0x00,0x00,0x00,0x52,
    0x00,0x00,0x00,0x01,0x00,0x00,0x00,0x02,0x00,0x40,0x00,0x01,0x00,0x00,0x00,0x02,
    0x00,0x40,0x03,0x33,0x33,0x30,0x00,0x52,0x00,0x40,0x10,0x01,0x00,0x00,0x00,0x02,
    0x00,0x41,0x10,0x51,0x33,0x33,0x33,0x02,0x00,0x02,0x23,0x33,0x33,0x30,0x01,0x02,
    0x00,0x01,0x10,0x00,0x00,0x00,0x01,0x02,0x00,0x09,0x10,0x00,0x00,0x00,0x02,0x02,
    0x00,0x51,0x20,0x00,0x00,0x40,0x00,0x02,0x00,0x02,0x10,0x00,0x00,0x40,0x01,0x02,
    0x00,0x00,0x10,0x00,0x00,0x40,0x02,0x52,0x00,0x05,0x20,0x00,0x00,0x00,0x02,0x22,
    0x00,0x83,0x33,0x33,0x00,0x00,0x01,0x22,0x00,0x02,0x10,0x00,0x00,0x00,0x51,0x22,
    0x00,0x02,0x10,0x00,0x00,0x00,0x01,0x22,0x00,0x01,0x10,0x00,0x00,0x00,0x52,0x12,
    0x00,0x51,0x20,0x00,0x00,0x00,0x02,0x12,0x00,0x02,0x00,0x00,0x00,0x00,0x02,0x22,
    0x00,0x00,0x00,0x00,0x00,0x00,0x82,0x22,0x00,0x83,0x33,0x33,0x30,0x00,0x52,0x52,
    0x00,0x00,0x20,0x00,0x06,0x66,0x01,0x12,0x00,0x00,0x00,0x00,0x00,0x00,0x02,0x22,
    0x00,0x00,0x00,0x00,0x00,0x00,0x51,0x22,0x00,0x00,0x00,0x00,0x00,0x00,0x00,0x22,
    0x00,0x00,0x00,0x00,0x00,0x00,0x00,0x02,0x33,0x33,0x33,0x33,0x33,0x33,0x33,0x32,
    /* Level 94 */
    0x00,0x00,0x00,0x00,0x00,0x00,0x00,0x72,0x00,0x00,0x00,0x00,0x00,0x00,0x00,0x02,
    0x00,0x00,0x00,0x00,0x00,0x00,0x00,0x02,0x00,0x00,0x00,0x00,0x00,0x00,0x00,0x52,
    0x00,0x00,0x00,0x52,0x04,0x00,0x00,0x52,0x00,0x00,0x00,0x01,0x04,0x00,0x00,0x02,
    0x00,0x00,0x00,0x04,0x04,0x00,0x05,0x12,0x00,0x00,0x06,0x62,0x64,0x00,0x00,0x22,
    0x00,0x00,0x00,0x03,0x33,0x30,0x00,0x92,0x00,0x00,0x00,0x52,0x03,0x33,0x33,0x32,
    0x00,0x00,0x05,0x33,0x33,0x33,0x04,0x12,0x00,0x00,0x00,0x00,0x00,0x00,0x04,0x12,
    0x00,0x00,0x00,0x33,0x30,0x00,0x04,0x92,0x00,0x00,0x00,0x00,0x00,0x00,0x00,0x12,
    0x00,0x00,0x02,0x00,0x00,0x00,0x00,0x22,0x00,0x00,0x82,0x00,0x00,0x00,0x00,0x12,
    0x00,0x01,0x51,0x00,0x00,0x20,0x05,0x12,0x00,0x01,0x00,0x00,0x04,0x10,0x33,0x32,
    0x00,0x52,0x01,0x00,0x04,0x10,0x01,0x02,0x00,0x51,0x51,0x00,0x04,0x20,0x02,0x02,
    0x00,0x01,0x01,0x00,0x04,0x00,0x01,0x52,0x00,0x00,0x01,0x00,0x04,0x10,0x01,0x52,
    0x00,0x00,0x51,0x00,0x04,0x00,0x00,0x02,0x00,0x00,0x51,0x00,0x04,0x66,0x66,0x02,
    0x00,0x00,0x00,0x00,0x04,0x00,0x00,0x82,0x33,0x33,0x33,0x33,0x33,0x33,0x33,0x32,
    0x00,0x00,0x00,0x00,0x00,0x00,0x00,0x82,0x00,0x00,0x00,0x00,0x00,0x00,0x00,0x02,
    /* Level 95 */
    0x00,0x00,0x00,0x00,0x00,0x00,0x00,0x72,0x00,0x00,0x00,0x00,0x04,0x00,0x00,0x02,
    0x00,0x00,0x00,0x00,0x04,0x00,0x00,0x02,0x00,0x00,0x00,0x00,0x04,0x00,0x00,0x02,
    0x00,0x00,0x00,0x00,0x04,0x00,0x00,0x02,0x00,0x00,0x00,0x00,0x20,0x00,0x00,0x52,
    0x00,0x00,0x00,0x00,0x10,0x00,0x00,0x02,0x00,0x00,0x00,0x05,0x10,0x00,0x00,0x02,
    0x00,0x00,0x02,0x66,0x00,0x00,0x00,0x02,0x00,0x00,0x02,0x00,0x10,0x00,0x00,0x82,
    0x00,0x00,0x59,0x10,0x10,0x00,0x00,0x02,0x00,0x00,0x02,0x20,0x10,0x00,0x00,0x02,
    0x00,0x53,0x33,0x20,0x20,0x00,0x00,0x02,0x00,0x02,0x03,0x33,0x33,0x30,0x33,0x32,
    0x06,0x69,0x62,0x10,0x20,0x00,0x00,0x22,0x00,0x51,0x01,0x08,0x10,0x00,0x00,0x12,
    0x00,0x52,0x51,0x15,0x24,0x00,0x00,0x12,0x00,0x81,0x51,0x20,0x04,0x00,0x00,0x52,
    0x00,0x00,0x00,0x00,0x04,0x00,0x00,0x02,0x00,0x05,0x33,0x33,0x34,0x00,0x00,0x02,
    0x00,0x00,0x02,0x00,0x00,0x40,0x00,0x02,0x00,0x00,0x52,0x03,0x33,0x33,0x30,0x02,
    0x00,0x00,0x33,0x33,0x00,0x40,0x00,0x52,0x00,0x00,0x51,0x00,0x00,0x40,0x00,0x02,
    0x33,0x33,0x51,0x33,0x33,0x43,0x33,0x32,0x00,0x00,0x02,0x00,0x00,0x40,0x00,0x02,
    0x00,0x00,0x00,0x00,0x00,0x00,0x00,0x02,0x00,0x00,0x00,0x00,0x00,0x00,0x00,0x02,
    /* Level 96 */
    0x00,0x00,0x00,0x00,0x00,0x00,0x00,0x72,0x00,0x00,0x00,0x00,0x00,0x00,0x00,0x02,
    0x00,0x00,0x03,0x33,0x33,0x33,0x00,0x02,0x00,0x00,0x00,0x00,0x00,0x00,0x00,0x02,
    0x00,0x00,0x00,0x00,0x33,0x33,0x30,0x02,0x00,0x40,0x00,0x00,0x00,0x33,0x33,0x33,
    0x00,0x40,0x02,0x00,0x00,0x01,0x01,0x02,0x00,0x40,0x02,0x00,0x00,0x52,0x01,0x02,
    0x00,0x00,0x02,0x00,0x00,0x01,0x01,0x02,0x00,0x00,0x01,0x00,0x00,0x00,0x51,0x02,
    0x00,0x00,0x01,0x00,0x00,0x00,0x51,0x02,0x00,0x00,0x01,0x00,0x00,0x00,0x01,0x02,
    0x00,0x00,0x82,0x00,0x00,0x00,0x01,0x02,0x00,0x00,0x01,0x00,0x00,0x33,0x33,0x33,
    0x00,0x00,0x01,0x00,0x00,0x00,0x00,0x02,0x00,0x00,0x02,0x00,0x00,0x00,0x09,0x52,
    0x00,0x00,0x52,0x00,0x00,0x00,0x01,0x52,0x00,0x00,0x02,0x00,0x00,0x00,0x02,0x02,
    0x00,0x01,0x01,0x00,0x01,0x00,0x02,0x02,0x00,0x02,0x81,0x00,0x01,0x00,0x01,0x52,
    0x00,0x02,0x01,0x66,0x62,0x00,0x01,0x02,0x00,0x00,0x00,0x00,0x51,0x00,0x00,0x02,
    0x00,0x52,0x01,0x00,0x02,0x00,0x00,0x02,0x00,0x01,0x02,0x00,0x04,0x00,0x00,0x02,
    0x00,0x00,0x00,0x00,0x04,0x00,0x00,0x02,0x00,0x00,0x00,0x00,0x00,0x00,0x00,0x82,
    0x00,0x00,0x00,0x00,0x00,0x00,0x00,0x52,0x33,0x33,0x33,0x33,0x33,0x33,0x33,0x32,
    /* Level 97 */
    0x00,0x00,0x00,0x00,0x00,0x00,0x00,0x72,0x00,0x00,0x00,0x00,0x00,0x00,0x00,0x02,
    0x00,0x00,0x00,0x00,0x00,0x00,0x00,0x02,0x00,0x00,0x00,0x00,0x00,0x00,0x00,0x02,
    0x00,0x00,0x00,0x00,0x00,0x00,0x00,0x02,0x05,0x33,0x30,0x00,0x00,0x00,0x00,0x52,
    0x00,0x00,0x00,0x00,0x00,0x00,0x00,0x02,0x00,0x00,0x00,0x00,0x00,0x00,0x00,0x02,
    0x00,0x00,0x00,0x33,0x33,0x33,0x00,0x52,0x00,0x00,0x00,0x00,0x00,0x00,0x10,0x82,
    0x00,0x05,0x10,0x00,0x00,0x03,0x33,0x33,0x00,0x00,0x10,0x00,0x33,0x33,0x30,0x52,
    0x00,0x00,0x20,0x00,0x00,0x05,0x10,0x02,0x00,0x00,0x10,0x00,0x33,0x33,0x33,0x52,
    0x08,0x33,0x33,0x33,0x00,0x00,0x00,0x02,0x00,0x00,0x20,0x00,0x00,0x05,0x20,0x02,
    0x00,0x02,0x10,0x00,0x00,0x00,0x10,0x52,0x00,0x51,0x10,0x00,0x00,0x00,0x10,0x52,
    0x00,0x49,0x10,0x00,0x00,0x01,0x10,0x02,0x00,0x42,0x12,0x00,0x10,0x01,0x20,0x12,
    0x00,0x42,0x11,0x00,0x10,0x01,0x25,0x12,0x00,0x41,0x10,0x45,0x20,0x01,0x20,0x22,
    0x00,0x01,0x21,0x40,0x10,0x02,0x10,0x02,0x00,0x00,0x82,0x40,0x20,0x00,0x10,0x12,
    0x33,0x39,0x32,0x45,0x23,0x33,0x35,0x12,0x00,0x01,0x10,0x40,0x00,0x01,0x08,0x12,
    0x00,0x06,0x66,0x46,0x20,0x00,0x00,0x02,0x00,0x00,0x00,0x00,0x00,0x00,0x00,0x02,
    /* Level 98 */
    0x00,0x00,0x00,0x00,0x00,0x00,0x00,0x72,0x00,0x00,0x00,0x00,0x00,0x00,0x00,0x12,
    0x00,0x00,0x00,0x00,0x00,0x01,0x51,0x22,0x00,0x00,0x00,0x00,0x00,0x01,0x02,0x12,
    0x00,0x00,0x00,0x05,0x33,0x31,0x12,0x22,0x00,0x00,0x33,0x33,0x00,0x42,0x12,0x02,
    0x00,0x00,0x00,0x00,0x00,0x42,0x22,0x52,0x00,0x00,0x00,0x00,0x00,0x00,0x21,0x02,
    0x00,0x00,0x00,0x00,0x00,0x51,0x21,0x12,0x00,0x00,0x00,0x81,0x53,0x33,0x33,0x32,
    0x00,0x00,0x00,0x01,0x00,0x01,0x11,0x12,0x00,0x00,0x00,0x82,0x04,0x01,0x21,0x12,
    0x00,0x51,0x00,0x01,0x04,0x01,0x15,0x12,0x00,0x01,0x00,0x00,0x04,0x02,0x00,0x02,
    0x00,0x33,0x30,0x02,0x04,0x02,0x51,0x02,0x00,0x42,0x00,0x00,0x00,0x81,0x01,0x52,
    0x00,0x41,0x00,0x00,0x00,0x52,0x21,0x02,0x00,0x42,0x00,0x00,0x51,0x01,0x22,0x52,
    0x00,0x40,0x00,0x00,0x01,0x00,0x00,0x52,0x00,0x40,0x00,0x00,0x00,0x00,0x00,0x52,
    0x00,0x40,0x00,0x00,0x02,0x00,0x00,0x52,0x00,0x00,0x00,0x00,0x52,0x00,0x00,0x02,
    0x00,0x00,0x00,0x00,0x01,0x03,0x33,0x33,0x00,0x00,0x00,0x00,0x02,0x00,0x00,0x02,
    0x00,0x00,0x00,0x00,0x01,0x00,0x00,0x52,0x00,0x03,0x33,0x30,0x00,0x53,0x33,0x33,
    0x00,0x00,0x06,0x66,0x66,0x00,0x00,0x02,0x33,0x33,0x33,0x33,0x33,0x33,0x33,0x32,
    /* Level 99 */
    0x00,0x00,0x00,0x00,0x00,0x00,0x00,0x72,0x00,0x00,0x00,0x00,0x00,0x00,0x02,0x02,
    0x00,0x00,0x00,0x00,0x00,0x00,0x51,0x02,0x00,0x00,0x00,0x00,0x03,0x33,0x33,0x32,
    0x00,0x00,0x00,0x00,0x00,0x00,0x00,0x02,0x00,0x00,0x00,0x00,0x00,0x00,0x01,0x52,
    0x00,0x00,0x00,0x00,0x10,0x00,0x01,0x02,0x00,0x00,0x04,0x00,0x23,0x33,0x00,0x02,
    0x00,0x66,0x64,0x05,0x20,0x00,0x00,0x52,0x00,0x00,0x04,0x06,0x66,0x66,0x00,0x02,
    0x00,0x40,0x04,0x00,0x00,0x10,0x00,0x52,0x00,0x40,0x00,0x00,0x20,0x10,0x33,0x32,
    0x00,0x40,0x00,0x00,0x20,0x10,0x00,0x02,0x00,0x40,0x00,0x00,0x00,0x20,0x00,0x02,
    0x00,0x40,0x00,0x00,0x00,0x20,0x00,0x52,0x00,0x40,0x00,0x00,0x40,0x20,0x00,0x02,
    0x00,0x41,0x00,0x00,0x42,0x00,0x00,0x82,0x00,0x01,0x00,0x10,0x41,0x00,0x00,0x52,
    0x00,0x01,0x05,0x20,0x41,0x10,0x00,0x52,0x00,0x51,0x00,0x20,0x52,0x00,0x20,0x52,
    0x00,0x09,0x00,0x00,0x01,0x00,0x20,0x02,0x00,0x82,0x05,0x10,0x82,0x00,0x00,0x02,
    0x00,0x00,0x00,0x20,0x00,0x00,0x20,0x82,0x00,0x00,0x00,0x10,0x01,0x00,0x20,0x02,
    0x00,0x01,0x00,0x00,0x00,0x05,0x20,0x02,0x33,0x33,0x33,0x33,0x33,0x33,0x33,0x52,
    0x00,0x53,0x33,0x33,0x30,0x00,0x00,0x02,0x00,0x00,0x00,0x00,0x00,0x00,0x00,0x02,
    /* Level 100 */
    0x00,0x00,0x00,0x00,0x00,0x00,0x00,0x72,0x00,0x03,0x33,0x30,0x00,0x00,0x00,0x02,
    0x00,0x00,0x20,0x00,0x04,0x00,0x00,0x02,0x00,0x00,0x10,0x00,0x04,0x00,0x00,0x02,
    0x00,0x00,0x10,0x00,0x04,0x00,0x20,0x02,0x00,0x00,0x10,0x00,0x04,0x00,0x20,0x52,
    0x00,0x05,0x20,0x00,0x40,0x00,0x20,0x02,0x00,0x00,0x10,0x00,0x40,0x00,0x10,0x02,
    0x00,0x00,0x20,0x90,0x40,0x00,0x00,0x02,0x00,0x03,0x33,0x33,0x40,0x00,0x00,0x52,
    0x00,0x00,0x11,0x10,0x40,0x05,0x20,0x82,0x06,0x66,0x61,0x10,0x40,0x00,0x10,0x82,
    0x00,0x00,0x01,0x02,0x40,0x01,0x10,0x02,0x06,0x66,0x12,0x51,0x40,0x01,0x10,0x02,
    0x00,0x00,0x11,0x02,0x00,0x01,0x10,0x52,0x00,0x00,0x02,0x29,0x00,0x01,0x10,0x02,
    0x00,0x00,0x01,0x11,0x00,0x05,0x10,0x52,0x00,0x00,0x01,0x12,0x00,0x00,0x00,0x02,
    0x00,0x00,0x01,0x21,0x00,0x00,0x00,0x02,0x00,0x00,0x51,0x22,0x20,0x03,0x33,0x32,
    0x00,0x33,0x31,0x21,0x20,0x00,0x00,0x82,0x00,0x00,0x00,0x11,0x20,0x04,0x00,0x02,
    0x00,0x00,0x00,0x20,0x00,0x04,0x00,0x02,0x00,0x00,0x52,0x11,0x00,0x04,0x00,0x02,
    0x00,0x00,0x00,0x11,0x10,0x04,0x00,0x02,0x33,0x33,0x33,0x33,0x33,0x34,0x33,0x82,
    0x00,0x00,0x33,0x33,0x00,0x04,0x00,0x02,0x00,0x00,0x00,0x00,0x00,0x00,0x00,0x02,
    /* Level 101 */
    0x00,0x00,0x00,0x00,0x00,0x00,0x00,0x72,0x00,0x00,0x00,0x00,0x00,0x00,0x00,0x52,
    0x00,0x00,0x00,0x00,0x00,0x00,0x00,0x02,0x00,0x00,0x00,0x52,0x20,0x00,0x00,0x02,
    0x00,0x00,0x00,0x01,0x10,0x00,0x00,0x02,0x00,0x00,0x00,0x01,0x10,0x00,0x00,0x02,
    0x00,0x00,0x00,0x02,0x12,0x00,0x66,0x62,0x00,0x00,0x06,0x62,0x21,0x00,0x00,0x02,
    0x00,0x00,0x00,0x51,0x11,0x10,0x00,0x02,0x00,0x00,0x00,0x02,0x10,0x10,0x00,0x02,
    0x00,0x00,0x00,0x02,0x01,0x10,0x00,0x52,0x00,0x00,0x03,0x33,0x33,0x10,0x00,0x52,
    0x00,0x00,0x00,0x00,0x11,0x10,0x00,0x02,0x00,0x00,0x00,0x00,0x01,0x10,0x00,0x52,
    0x00,0x00,0x00,0x00,0x52,0x00,0x00,0x52,0x00,0x00,0x00,0x02,0x01,0x00,0x00,0x02,
    0x00,0x00,0x00,0x10,0x42,0x20,0x00,0x02,0x00,0x00,0x00,0x90,0x41,0x15,0x33,0x33,
    0x00,0x00,0x00,0x90,0x41,0x20,0x00,0x12,0x00,0x51,0x00,0x20,0x41,0x25,0x33,0x33,
    0x00,0x52,0x00,0x10,0x00,0x00,0x40,0x02,0x00,0x09,0x05,0x10,0x00,0x00,0x40,0x82,
    0x00,0x00,0x05,0x10,0x00,0x00,0x40,0x52,0x00,0x00,0x00,0x20,0x00,0x00,0x08,0x22,
    0x33,0x33,0x33,0x33,0x33,0x33,0x33,0x52,0x00,0x53,0x33,0x00,0x08,0x33,0x33,0x33,
    0x00,0x00,0x00,0x00,0x00,0x00,0x00,0x82,0x00,0x00,0x00,0x00,0x00,0x00,0x00,0x02,
    /* Level 102 */
    0x00,0x00,0x00,0x00,0x00,0x00,0x00,0x72,0x00,0x00,0x03,0x33,0x33,0x30,0x05,0x12,
    0x00,0x00,0x40,0x33,0x30,0x00,0x00,0x22,0x00,0x00,0x40,0x00,0x00,0x00,0x05,0x22,
    0x00,0x00,0x40,0x00,0x00,0x00,0x00,0x02,0x00,0x00,0x40,0x00,0x00,0x53,0x33,0x02,
    0x00,0x00,0x40,0x00,0x00,0x09,0x66,0x22,0x00,0x00,0x45,0x33,0x30,0x02,0x00,0x02,
    0x00,0x00,0x10,0x00,0x00,0x01,0x00,0x02,0x00,0x00,0x10,0x00,0x00,0x02,0x00,0x02,
    0x00,0x00,0x00,0x00,0x00,0x01,0x00,0x02,0x00,0x00,0x33,0x33,0x33,0x00,0x82,0x52,
    0x00,0x00,0x20,0x00,0x00,0x00,0x02,0x02,0x00,0x00,0x20,0x00,0x00,0x00,0x01,0x02,
    0x00,0x00,0x10,0x00,0x00,0x00,0x01,0x02,0x00,0x00,0x10,0x00,0x20,0x00,0x51,0x02,
    0x00,0x00,0x10,0x02,0x10,0x00,0x01,0x02,0x00,0x05,0x10,0x02,0x20,0x20,0x00,0x02,
    0x00,0x05,0x10,0x01,0x22,0x14,0x00,0x02,0x00,0x00,0x00,0x01,0x52,0x24,0x00,0x02,
    0x00,0x00,0x00,0x05,0x28,0x14,0x00,0x52,0x00,0x00,0x00,0x01,0x20,0x14,0x00,0x02,
    0x00,0x00,0x00,0x02,0x12,0x64,0x00,0x02,0x00,0x00,0x00,0x51,0x21,0x04,0x00,0x52,
    0x00,0x00,0x00,0x01,0x20,0x10,0x00,0x82,0x00,0x00,0x00,0x51,0x20,0x00,0x00,0x02,
    0x33,0x33,0x35,0x33,0x33,0x33,0x33,0x32,0x00,0x00,0x00,0x00,0x00,0x00,0x00,0x02,
    /* Level 103 */
    0x00,0x00,0x00,0x00,0x00,0x00,0x00,0x72,0x00,0x00,0x00,0x51,0x00,0x00,0x40,0x02,
    0x00,0x00,0x00,0x33,0x33,0x33,0x40,0x02,0x00,0x00,0x05,0x21,0x00,0x00,0x41,0x52,
    0x00,0x00,0x00,0x12,0x00,0x03,0x33,0x33,0x05,0x33,0x33,0x31,0x00,0x00,0x42,0x02,
    0x00,0x00,0x00,0x10,0x00,0x00,0x33,0x32,0x00,0x00,0x00,0x20,0x00,0x00,0x01,0x02,
    0x00,0x00,0x00,0x20,0x00,0x00,0x01,0x02,0x00,0x02,0x00,0x10,0x04,0x00,0x04,0x02,
    0x00,0x01,0x00,0x10,0x04,0x00,0x01,0x02,0x00,0x02,0x00,0x20,0x04,0x00,0x51,0x52,
    0x00,0x02,0x00,0x10,0x04,0x00,0x01,0x02,0x00,0x51,0x00,0x00,0x04,0x00,0x51,0x02,
    0x00,0x00,0x05,0x28,0x10,0x00,0x81,0x02,0x00,0x00,0x00,0x10,0x20,0x10,0x01,0x02,
    0x00,0x00,0x00,0x20,0x10,0x10,0x10,0x52,0x00,0x00,0x00,0x20,0x00,0x10,0x10,0x02,
    0x00,0x00,0x00,0x20,0x00,0x26,0x26,0x62,0x00,0x00,0x08,0x10,0x00,0x00,0x10,0x02,
    0x00,0x00,0x04,0x00,0x10,0x10,0x20,0x02,0x00,0x00,0x04,0x00,0x10,0x10,0x00,0x02,
    0x00,0x00,0x04,0x00,0x00,0x20,0x00,0x02,0x00,0x00,0x04,0x00,0x00,0x20,0x00,0x02,
    0x00,0x00,0x04,0x00,0x00,0x00,0x66,0x62,0x33,0x33,0x34,0x33,0x33,0x33,0x33,0x32,
    0x00,0x00,0x00,0x00,0x00,0x00,0x33,0x33,0x00,0x00,0x00,0x00,0x00,0x00,0x00,0x02,
    /* Level 104 */
    0x00,0x00,0x00,0x00,0x00,0x00,0x00,0x72,0x00,0x00,0x00,0x00,0x00,0x00,0x00,0x02,
    0x00,0x00,0x00,0x00,0x00,0x00,0x00,0x02,0x00,0x00,0x20,0x00,0x00,0x00,0x00,0x12,
    0x00,0x00,0x10,0x00,0x00,0x00,0x33,0x33,0x00,0x05,0x10,0x00,0x00,0x00,0x10,0x12,
    0x00,0x00,0x10,0x00,0x00,0x00,0x10,0x52,0x00,0x00,0x00,0x00,0x00,0x04,0x20,0x52,
    0x00,0x00,0x20,0x00,0x00,0x44,0x10,0x52,0x00,0x00,0x00,0x00,0x00,0x44,0x10,0x22,
    0x00,0x00,0x00,0x00,0x00,0x44,0x10,0x22,0x00,0x00,0x00,0x00,0x03,0x33,0x10,0x52,
    0x00,0x00,0x00,0x00,0x00,0x04,0x10,0x02,0x00,0x00,0x00,0x04,0x00,0x00,0x00,0x02,
    0x00,0x00,0x00,0x33,0x33,0x33,0x01,0x52,0x00,0x00,0x00,0x04,0x66,0x61,0x11,0x02,
    0x00,0x00,0x00,0x00,0x00,0x01,0x11,0x52,0x00,0x00,0x00,0x02,0x00,0x00,0x21,0x82,
    0x00,0x00,0x00,0x51,0x00,0x01,0x21,0x02,0x00,0x03,0x33,0x33,0x30,0x82,0x10,0x02,
    0x00,0x00,0x00,0x04,0x10,0x08,0x10,0x52,0x00,0x00,0x00,0x04,0x20,0x06,0x16,0x62,
    0x00,0x00,0x00,0x02,0x10,0x00,0x00,0x02,0x00,0x00,0x00,0x04,0x23,0x33,0x00,0x52,
    0x00,0x00,0x00,0x03,0x33,0x30,0x00,0x02,0x00,0x00,0x00,0x04,0x10,0x00,0x00,0x02,
    0x00,0x00,0x00,0x00,0x10,0x00,0x00,0x02,0x33,0x33,0x33,0x33,0x33,0x33,0x33,0x32,
    /* Level 105 */
    0x00,0x00,0x00,0x00,0x00,0x00,0x00,0x72,0x00,0x00,0x00,0x00,0x00,0x00,0x00,0x02,
    0x00,0x00,0x00,0x00,0x00,0x00,0x00,0x02,0x00,0x00,0x00,0x02,0x00,0x00,0x00,0x52,
    0x00,0x00,0x00,0x01,0x33,0x33,0x30,0x02,0x00,0x00,0x00,0x01,0x00,0x00,0x00,0x52,
    0x00,0x00,0x00,0x00,0x00,0x00,0x00,0x02,0x00,0x01,0x00,0x00,0x00,0x00,0x01,0x02,
    0x00,0x01,0x00,0x01,0x00,0x00,0x01,0x02,0x00,0x52,0x00,0x51,0x66,0x66,0x51,0x52,
    0x00,0x02,0x00,0x01,0x00,0x00,0x12,0x02,0x00,0x51,0x00,0x42,0x00,0x00,0x21,0x52,
    0x00,0x66,0x60,0x43,0x33,0x33,0x31,0x02,0x00,0x00,0x33,0x32,0x00,0x00,0x02,0x22,
    0x00,0x03,0x33,0x33,0x30,0x00,0x01,0x22,0x00,0x00,0x00,0x41,0x00,0x00,0x01,0x22,
    0x00,0x00,0x02,0x42,0x00,0x00,0x02,0x12,0x00,0x00,0x02,0x02,0x12,0x00,0x41,0x12,
    0x05,0x33,0x33,0x05,0x21,0x00,0x42,0x22,0x00,0x00,0x00,0x00,0x21,0x00,0x42,0x02,
    0x00,0x00,0x00,0x00,0x12,0x00,0x45,0x12,0x00,0x00,0x00,0x00,0x02,0x00,0x40,0x52,
    0x00,0x00,0x00,0x00,0x81,0x00,0x41,0x02,0x00,0x00,0x00,0x00,0x10,0x00,0x00,0x02,
    0x00,0x00,0x00,0x00,0x12,0x00,0x00,0x02,0x00,0x00,0x00,0x05,0x12,0x00,0x00,0x82,
    0x00,0x00,0x00,0x08,0x10,0x00,0x00,0x52,0x33,0x33,0x33,0x33,0x33,0x33,0x33,0x32,
    /* Level 106 */
    0x00,0x00,0x00,0x00,0x00,0x00,0x00,0x72,0x00,0x00,0x00,0x00,0x00,0x04,0x00,0x02,
    0x00,0x00,0x00,0x00,0x00,0x04,0x00,0x02,0x00,0x00,0x10,0x00,0x00,0x04,0x00,0x02,
    0x00,0x00,0x20,0x00,0x00,0x04,0x40,0x02,0x00,0x33,0x33,0x33,0x00,0x04,0x40,0x52,
    0x00,0x00,0x20,0x11,0x00,0x04,0x40,0x52,0x00,0x00,0x20,0x11,0x00,0x04,0x40,0x02,
    0x00,0x00,0x10,0x00,0x00,0x03,0x33,0x33,0x00,0x00,0x10,0x00,0x00,0x00,0x00,0x02,
    0x00,0x00,0x10,0x12,0x00,0x00,0x00,0x82,0x00,0x00,0x20,0x12,0x00,0x00,0x00,0x02,
    0x00,0x00,0x20,0x10,0x00,0x00,0x00,0x02,0x00,0x03,0x33,0x30,0x00,0x00,0x00,0x02,
    0x00,0x02,0x03,0x33,0x20,0x00,0x00,0x52,0x00,0x52,0x00,0x00,0x20,0x00,0x00,0x02,
    0x00,0x01,0x00,0x00,0x20,0x00,0x01,0x82,0x00,0x00,0x00,0x00,0x10,0x00,0x01,0x02,
    0x00,0x00,0x53,0x33,0x33,0x33,0x33,0x33,0x00,0x00,0x00,0x00,0x10,0x21,0x00,0x02,
    0x00,0x09,0x00,0x00,0x20,0x11,0x00,0x02,0x00,0x02,0x00,0x05,0x20,0x11,0x02,0x52,
    0x00,0x02,0x00,0x00,0x08,0x11,0x02,0x52,0x00,0x52,0x00,0x00,0x00,0x81,0x02,0x52,
    0x00,0x64,0x66,0x60,0x00,0x10,0x01,0x52,0x00,0x04,0x00,0x00,0x05,0x10,0x00,0x02,
    0x33,0x34,0x33,0x33,0x36,0x66,0x33,0x32,0x00,0x00,0x00,0x00,0x00,0x00,0x00,0x02,
    /* Level 107 */
    0x00,0x00,0x00,0x00,0x00,0x00,0x00,0x72,0x00,0x00,0x00,0x00,0x00,0x00,0x10,0x02,
    0x00,0x00,0x00,0x00,0x00,0x00,0x10,0x02,0x00,0x00,0x00,0x00,0x00,0x00,0x10,0x02,
    0x00,0x00,0x03,0x33,0x33,0x00,0x00,0x02,0x00,0x40,0x00,0x00,0x00,0x05,0x14,0x52,
    0x00,0x40,0x00,0x00,0x00,0x00,0x24,0x02,0x06,0x46,0x02,0x10,0x00,0x00,0x14,0x02,
    0x00,0x40,0x02,0x10,0x00,0x00,0x04,0x02,0x00,0x40,0x01,0x00,0x00,0x00,0x33,0x33,
    0x00,0x40,0x52,0x10,0x40,0x20,0x04,0x02,0x00,0x40,0x51,0x20,0x40,0x10,0x04,0x02,
    0x00,0x00,0x02,0x20,0x45,0x20,0x00,0x02,0x00,0x33,0x33,0x30,0x40,0x90,0x00,0x02,
    0x00,0x00,0x02,0x20,0x45,0x20,0x00,0x02,0x00,0x00,0x82,0x10,0x40,0x10,0x00,0x02,
    0x00,0x00,0x05,0x10,0x40,0x10,0x00,0x52,0x00,0x00,0x00,0x10,0x45,0x10,0x00,0x02,
    0x00,0x00,0x53,0x33,0x33,0x30,0x00,0x02,0x00,0x00,0x02,0x20,0x10,0x00,0x00,0x52,
    0x00,0x00,0x01,0x10,0x10,0x20,0x00,0x02,0x00,0x00,0x01,0x15,0x10,0x10,0x00,0x02,
    0x00,0x00,0x02,0x20,0x00,0x20,0x00,0x82,0x33,0x33,0x32,0x33,0x35,0x23,0x33,0x82,
    0x00,0x00,0x00,0x00,0x00,0x10,0x00,0x02,0x00,0x00,0x00,0x00,0x00,0x10,0x00,0x02,
    0x00,0x00,0x00,0x00,0x83,0x33,0x33,0x52,0x00,0x00,0x00,0x00,0x00,0x00,0x00,0x02,
    /* Level 108 */
    0x00,0x00,0x00,0x00,0x00,0x00,0x00,0x72,0x00,0x00,0x00,0x20,0x00,0x00,0x00,0x02,
    0x00,0x00,0x00,0x10,0x00,0x00,0x00,0x02,0x00,0x00,0x00,0x20,0x00,0x00,0x00,0x02,
    0x00,0x00,0x00,0x00,0x00,0x00,0x01,0x02,0x00,0x00,0x00,0x00,0x01,0x00,0x01,0x02,
    0x00,0x00,0x00,0x10,0x02,0x03,0x33,0x33,0x00,0x01,0x00,0x33,0x33,0x00,0x52,0x02,
    0x00,0x01,0x00,0x00,0x33,0x33,0x33,0x02,0x00,0x82,0x00,0x00,0x66,0x66,0x00,0x02,
    0x00,0x52,0x00,0x00,0x00,0x51,0x01,0x02,0x00,0x02,0x10,0x04,0x01,0x01,0x01,0x02,
    0x00,0x04,0x24,0x04,0x82,0x01,0x01,0x52,0x00,0x04,0x44,0x04,0x09,0x00,0x51,0x52,
    0x00,0x04,0x44,0x04,0x01,0x00,0x52,0x02,0x00,0x04,0x44,0x04,0x02,0x00,0x01,0x52,
    0x00,0x04,0x14,0x04,0x01,0x51,0x01,0x02,0x00,0x04,0x24,0x04,0x02,0x81,0x52,0x82,
    0x00,0x04,0x10,0x00,0x02,0x00,0x01,0x02,0x00,0x00,0x20,0x00,0x01,0x00,0x51,0x02,
    0x00,0x00,0x10,0x00,0x01,0x00,0x01,0x02,0x00,0x00,0x13,0x33,0x33,0x00,0x33,0x33,
    0x00,0x00,0x10,0x00,0x01,0x53,0x33,0x33,0x00,0x05,0x10,0x00,0x00,0x00,0x00,0x02,
    0x33,0x33,0x33,0x33,0x33,0x33,0x33,0x32,0x00,0x00,0x20,0x00,0x00,0x00,0x00,0x52,
    0x00,0x00,0x10,0x00,0x00,0x00,0x00,0x02,0x00,0x00,0x00,0x00,0x00,0x00,0x00,0x02,
    /* Level 109 */
    0x00,0x00,0x00,0x00,0x00,0x00,0x00,0x72,0x00,0x33,0x33,0x31,0x00,0x00,0x00,0x02,
    0x00,0x00,0x00,0x02,0x10,0x02,0x00,0x02,0x00,0x00,0x00,0x52,0x10,0x01,0x20,0x02,
    0x00,0x00,0x00,0x00,0x20,0x52,0x10,0x52,0x00,0x00,0x00,0x00,0x10,0x33,0x33,0x33,
    0x00,0x00,0x00,0x00,0x20,0x00,0x00,0x02,0x00,0x04,0x00,0x66,0x10,0x02,0x20,0x02,
    0x00,0x04,0x00,0x00,0x10,0x00,0x10,0x02,0x00,0x04,0x00,0x00,0x20,0x40,0x00,0x52,
    0x00,0x04,0x04,0x00,0x20,0x40,0x00,0x52,0x00,0x04,0x04,0x00,0x10,0x40,0x00,0x02,
    0x00,0x00,0x04,0x05,0x20,0x40,0x00,0x02,0x00,0x00,0x04,0x08,0x10,0x40,0x00,0x82,
    0x00,0x03,0x33,0x33,0x30,0x40,0x00,0x02,0x00,0x00,0x20,0x00,0x90,0x40,0x00,0x02,
    0x00,0x00,0x10,0x00,0x00,0x00,0x00,0x52,0x00,0x00,0x20,0x08,0x20,0x00,0x00,0x02,
    0x00,0x33,0x30,0x00,0x10,0x00,0x00,0x82,0x00,0x00,0x20,0x00,0x00,0x00,0x00,0x02,
    0x00,0x00,0x51,0x00,0x00,0x03,0x33,0x02,0x00,0x05,0x33,0x30,0x00,0x00,0x00,0x02,
    0x00,0x00,0x01,0x00,0x00,0x00,0x00,0x52,0x00,0x00,0x11,0x00,0x00,0x00,0x00,0x02,
    0x00,0x00,0x12,0x00,0x00,0x00,0x00,0x02,0x33,0x33,0x33,0x33,0x33,0x33,0x33,0x32,
    0x00,0x00,0x00,0x00,0x00,0x00,0x00,0x02,0x00,0x00,0x00,0x00,0x00,0x00,0x00,0x02,
    /* Level 110 */
    0x00,0x00,0x00,0x00,0x00,0x00,0x00,0x72,0x00,0x00,0x00,0x00,0x33,0x33,0x30,0x02,
    0x00,0x00,0x00,0x00,0x00,0x40,0x00,0x02,0x00,0x00,0x00,0x00,0x00,0x40,0x02,0x02,
    0x00,0x00,0x51,0x00,0x00,0x40,0x51,0x02,0x00,0x00,0x01,0x00,0x06,0x46,0x01,0x02,
    0x00,0x00,0x51,0x00,0x00,0x40,0x33,0x33,0x00,0x00,0x01,0x00,0x00,0x40,0x01,0x02,
    0x00,0x00,0x00,0x03,0x33,0x40,0x00,0x52,0x00,0x00,0x00,0x00,0x00,0x00,0x00,0x02,
    0x00,0x00,0x00,0x00,0x00,0x00,0x00,0x52,0x00,0x00,0x01,0x00,0x53,0x33,0x30,0x52,
    0x00,0x00,0x01,0x00,0x00,0x00,0x40,0x02,0x00,0x00,0x52,0x00,0x00,0x00,0x40,0x02,
    0x00,0x00,0x81,0x00,0x00,0x00,0x40,0x82,0x00,0x00,0x81,0x00,0x00,0x00,0x40,0x02,
    0x00,0x00,0x00,0x00,0x00,0x00,0x40,0x52,0x00,0x01,0x00,0x00,0x01,0x00,0x40,0x02,
    0x00,0x52,0x00,0x51,0x01,0x00,0x00,0x02,0x00,0x00,0x00,0x01,0x01,0x00,0x00,0x02,
    0x00,0x02,0x00,0x00,0x04,0x00,0x00,0x02,0x00,0x01,0x00,0x01,0x00,0x00,0x00,0x02,
    0x00,0x01,0x00,0x01,0x00,0x00,0x00,0x02,0x33,0x32,0x33,0x52,0x33,0x33,0x33,0x32,
    0x00,0x02,0x00,0x00,0x00,0x00,0x00,0x02,0x00,0x04,0x00,0x53,0x33,0x30,0x00,0x02,
    0x00,0x03,0x33,0x00,0x00,0x00,0x00,0x02,0x00,0x00,0x00,0x00,0x00,0x00,0x00,0x02,
    /* Level 111 */
    0x00,0x00,0x00,0x00,0x00,0x00,0x00,0x72,0x00,0x00,0x00,0x20,0x00,0x00,0x00,0x52,
    0x00,0x00,0x00,0x26,0x60,0x00,0x00,0x02,0x00,0x04,0x02,0x20,0x00,0x00,0x00,0x52,
    0x00,0x04,0x01,0x10,0x00,0x00,0x00,0x02,0x00,0x04,0x51,0x10,0x00,0x00,0x00,0x52,
    0x00,0x04,0x02,0x01,0x00,0x00,0x00,0x02,0x00,0x04,0x01,0x11,0x00,0x00,0x00,0x02,
    0x00,0x04,0x02,0x10,0x53,0x33,0x00,0x02,0x00,0x04,0x01,0x10,0x00,0x00,0x01,0x02,
    0x00,0x04,0x51,0x23,0x33,0x33,0x33,0x52,0x00,0x00,0x52,0x11,0x00,0x00,0x02,0x02,
    0x00,0x00,0x00,0x01,0x00,0x00,0x21,0x02,0x00,0x00,0x00,0x00,0x00,0x05,0x33,0x33,
    0x00,0x02,0x00,0x00,0x00,0x05,0x11,0x02,0x00,0x09,0x00,0x00,0x00,0x33,0x32,0x52,
    0x00,0x51,0x00,0x00,0x04,0x05,0x12,0x52,0x00,0x09,0x00,0x00,0x04,0x00,0x01,0x52,
    0x00,0x00,0x00,0x00,0x04,0x00,0x00,0x02,0x00,0x00,0x00,0x00,0x04,0x00,0x21,0x82,
    0x00,0x00,0x00,0x00,0x04,0x08,0x22,0x82,0x00,0x02,0x00,0x00,0x04,0x00,0x12,0x02,
    0x00,0x02,0x00,0x00,0x00,0x05,0x92,0x82,0x00,0x52,0x00,0x06,0x66,0x65,0x11,0x02,
    0x00,0x01,0x00,0x00,0x00,0x00,0x11,0x02,0x33,0x33,0x33,0x33,0x33,0x33,0x23,0x32,
    0x00,0x03,0x33,0x33,0x00,0x00,0x40,0x02,0x00,0x00,0x00,0x00,0x00,0x00,0x00,0x02,
    /* Level 112 */
    0x00,0x00,0x00,0x00,0x00,0x00,0x00,0x72,0x00,0x00,0x00,0x00,0x06,0x33,0x33,0x02,
    0x00,0x00,0x00,0x00,0x00,0x00,0x00,0x52,0x00,0x00,0x00,0x00,0x00,0x00,0x00,0x02,
    0x00,0x00,0x00,0x00,0x00,0x00,0x00,0x02,0x00,0x00,0x00,0x00,0x00,0x02,0x00,0x02,
    0x00,0x00,0x00,0x00,0x00,0x02,0x00,0x02,0x00,0x00,0x00,0x51,0x33,0x33,0x33,0x02,
    0x00,0x00,0x00,0x01,0x00,0x22,0x04,0x02,0x00,0x00,0x00,0x52,0x05,0x21,0x44,0x02,
    0x00,0x00,0x00,0x09,0x00,0x10,0x44,0x02,0x00,0x40,0x00,0x00,0x00,0x10,0x44,0x52,
    0x00,0x40,0x00,0x00,0x00,0x00,0x44,0x02,0x00,0x40,0x00,0x00,0x00,0x00,0x40,0x02,
    0x00,0x40,0x00,0x02,0x00,0x66,0x40,0x02,0x00,0x40,0x00,0x51,0x05,0x10,0x40,0x02,
    0x00,0x42,0x00,0x01,0x08,0x20,0x33,0x32,0x00,0x41,0x00,0x52,0x00,0x20,0x00,0x22,
    0x00,0x41,0x00,0x01,0x00,0x00,0x00,0x22,0x00,0x81,0x00,0x00,0x00,0x00,0x00,0x22,
    0x00,0x02,0x89,0x00,0x00,0x00,0x00,0x02,0x00,0x51,0x51,0x00,0x00,0x00,0x00,0x52,
    0x00,0x00,0x52,0x00,0x00,0x03,0x33,0x33,0x00,0x00,0x00,0x00,0x00,0x33,0x33,0x33,
    0x33,0x31,0x32,0x33,0x33,0x33,0x33,0x32,0x00,0x01,0x02,0x00,0x00,0x00,0x00,0x02,
    0x00,0x00,0x02,0x00,0x00,0x00,0x00,0x02,0x00,0x00,0x00,0x00,0x00,0x00,0x00,0x02,
    /* Level 113 */
    0x00,0x00,0x00,0x00,0x00,0x00,0x00,0x72,0x00,0x00,0x00,0x00,0x00,0x00,0x00,0x52,
    0x00,0x00,0x00,0x00,0x00,0x00,0x00,0x02,0x00,0x00,0x00,0x00,0x00,0x00,0x00,0x02,
    0x00,0x00,0x00,0x00,0x00,0x00,0x00,0x02,0x00,0x00,0x00,0x00,0x00,0x00,0x05,0x12,
    0x00,0x00,0x00,0x00,0x00,0x00,0x00,0x92,0x00,0x66,0x63,0x33,0x33,0x00,0x00,0x52,
    0x00,0x00,0x00,0x00,0x00,0x00,0x45,0x12,0x00,0x00,0x02,0x00,0x00,0x00,0x45,0x12,
    0x00,0x00,0x01,0x00,0x00,0x33,0x33,0x33,0x00,0x00,0x02,0x00,0x00,0x00,0x41,0x12,
    0x00,0x00,0x00,0x02,0x03,0x33,0x51,0x12,0x00,0x00,0x00,0x41,0x00,0x20,0x42,0x12,
    0x00,0x00,0x52,0x41,0x05,0x10,0x41,0x12,0x00,0x00,0x09,0x41,0x00,0x02,0x40,0x12,
    0x00,0x00,0x00,0x12,0x00,0x03,0x33,0x02,0x00,0x05,0x20,0x22,0x05,0x22,0x42,0x52,
    0x00,0x00,0x10,0x21,0x00,0x10,0x01,0x02,0x00,0x05,0x10,0x22,0x00,0x81,0x02,0x02,
    0x00,0x00,0x33,0x30,0x00,0x52,0x51,0x02,0x00,0x08,0x10,0x10,0x00,0x01,0x51,0x82,
    0x00,0x05,0x10,0x11,0x00,0x01,0x04,0x02,0x00,0x00,0x20,0x22,0x00,0x00,0x00,0x02,
    0x00,0x00,0x25,0x11,0x00,0x00,0x00,0x02,0x00,0x00,0x00,0x02,0x00,0x00,0x00,0x82,
    0x00,0x00,0x00,0x00,0x00,0x00,0x00,0x02,0x33,0x33,0x33,0x33,0x33,0x33,0x33,0x32,
    /* Level 114 */
    0x00,0x00,0x00,0x00,0x00,0x00,0x00,0x72,0x00,0x00,0x00,0x00,0x00,0x00,0x00,0x02,
    0x00,0x00,0x00,0x00,0x00,0x00,0x66,0x62,0x00,0x00,0x00,0x00,0x02,0x00,0x04,0x02,
    0x00,0x00,0x00,0x00,0x02,0x00,0x02,0x02,0x00,0x00,0x00,0x33,0x33,0x33,0x01,0x52,
    0x00,0x00,0x00,0x00,0x01,0x20,0x51,0x02,0x00,0x00,0x00,0x00,0x00,0x10,0x02,0x02,
    0x00,0x00,0x00,0x00,0x00,0x20,0x04,0x02,0x00,0x00,0x00,0x00,0x05,0x10,0x04,0x02,
    0x00,0x00,0x00,0x42,0x01,0x00,0x01,0x02,0x00,0x40,0x00,0x42,0x01,0x00,0x51,0x52,
    0x00,0x40,0x03,0x33,0x33,0x30,0x01,0x02,0x00,0x40,0x00,0x40,0x59,0x25,0x33,0x33,
    0x00,0x40,0x00,0x41,0x02,0x10,0x01,0x12,0x00,0x40,0x00,0x41,0x51,0x02,0x02,0x12,
    0x00,0x40,0x51,0x00,0x01,0x02,0x01,0x82,0x00,0x00,0x59,0x00,0x02,0x52,0x02,0x02,
    0x00,0x00,0x01,0x00,0x01,0x01,0x01,0x02,0x00,0x00,0x82,0x00,0x01,0x01,0x02,0x22,
    0x00,0x00,0x00,0x00,0x02,0x00,0x40,0x12,0x00,0x00,0x03,0x33,0x00,0x00,0x40,0x22,
    0x00,0x00,0x01,0x00,0x66,0x66,0x40,0x02,0x00,0x00,0x02,0x00,0x00,0x00,0x40,0x82,
    0x00,0x00,0x00,0x00,0x00,0x00,0x40,0x52,0x33,0x33,0x33,0x33,0x33,0x33,0x33,0x32,
    0x00,0x00,0x00,0x00,0x00,0x00,0x33,0x33,0x00,0x00,0x00,0x00,0x00,0x00,0x00,0x02,
    /* Level 115 */
    0x00,0x00,0x00,0x00,0x00,0x00,0x00,0x72,0x00,0x00,0x00,0x00,0x00,0x00,0x00,0x02,
    0x00,0x00,0x00,0x00,0x00,0x00,0x00,0x52,0x00,0x00,0x04,0x00,0x15,0x33,0x33,0x02,
    0x00,0x00,0x04,0x03,0x33,0x33,0x00,0x52,0x00,0x00,0x04,0x00,0x10,0x00,0x00,0x02,
    0x00,0x00,0x00,0x01,0x20,0x00,0x00,0x02,0x00,0x00,0x00,0x01,0x10,0x00,0x00,0x52,
    0x00,0x52,0x01,0x01,0x10,0x00,0x02,0x12,0x00,0x01,0x82,0x52,0x20,0x00,0x01,0x22,
    0x00,0x01,0x01,0x51,0x20,0x00,0x02,0x12,0x00,0x02,0x01,0x01,0x20,0x00,0x05,0x22,
    0x00,0x51,0x02,0x51,0x00,0x00,0x02,0x12,0x00,0x00,0x01,0x02,0x13,0x33,0x31,0x12,
    0x00,0x00,0x51,0x00,0x00,0x00,0x01,0x52,0x00,0x00,0x59,0x01,0x00,0x00,0x52,0x02,
    0x00,0x62,0x61,0x21,0x00,0x00,0x81,0x12,0x00,0x02,0x00,0x22,0x00,0x00,0x01,0x12,
    0x00,0x02,0x00,0x11,0x00,0x00,0x52,0x12,0x00,0x33,0x33,0x31,0x00,0x00,0x02,0x02,
    0x00,0x02,0x22,0x22,0x40,0x03,0x33,0x52,0x00,0x66,0x21,0x33,0x33,0x00,0x41,0x02,
    0x00,0x00,0x81,0x51,0x40,0x00,0x41,0x02,0x33,0x33,0x11,0x33,0x43,0x33,0x43,0x32,
    0x00,0x05,0x10,0x00,0x40,0x00,0x40,0x02,0x00,0x00,0x00,0x00,0x00,0x00,0x00,0x02,
    0x00,0x00,0x00,0x00,0x00,0x00,0x00,0x02,0x00,0x00,0x00,0x00,0x00,0x00,0x00,0x02,
    /* Level 116 */
    0x00,0x00,0x00,0x00,0x00,0x00,0x00,0x72,0x00,0x05,0x10,0x00,0x00,0x00,0x51,0x02,
    0x00,0x00,0x10,0x00,0x00,0x00,0x02,0x02,0x00,0x00,0x20,0x00,0x00,0x03,0x33,0x32,
    0x00,0x05,0x10,0x00,0x00,0x20,0x04,0x52,0x00,0x00,0x00,0x00,0x00,0x20,0x00,0x02,
    0x00,0x00,0x10,0x00,0x33,0x33,0x33,0x33,0x00,0x00,0x00,0x00,0x00,0x20,0x51,0x02,
    0x00,0x00,0x00,0x00,0x00,0x10,0x02,0x02,0x00,0x00,0x00,0x00,0x00,0x10,0x51,0x52,
    0x00,0x00,0x00,0x00,0x00,0x00,0x01,0x02,0x00,0x81,0x00,0x00,0x00,0x00,0x02,0x02,
    0x00,0x02,0x00,0x03,0x33,0x33,0x30,0x02,0x00,0x01,0x00,0x00,0x00,0x00,0x00,0x02,
    0x00,0x02,0x00,0x00,0x00,0x03,0x33,0x33,0x00,0x02,0x00,0x00,0x00,0x00,0x00,0x02,
    0x00,0x00,0x52,0x20,0x00,0x33,0x30,0x52,0x00,0x00,0x82,0x10,0x40,0x00,0x00,0x02,
    0x00,0x51,0x02,0x20,0x40,0x00,0x00,0x52,0x00,0x81,0x02,0x10,0x40,0x44,0x00,0x02,
    0x00,0x01,0x82,0x10,0x33,0x33,0x00,0x02,0x06,0x61,0x60,0x00,0x00,0x44,0x00,0x02,
    0x00,0x01,0x00,0x00,0x00,0x40,0x00,0x02,0x00,0x01,0x00,0x00,0x00,0x40,0x00,0x02,
    0x00,0x01,0x00,0x00,0x00,0x40,0x00,0x52,0x00,0x00,0x00,0x00,0x00,0x40,0x00,0x02,
    0x00,0x00,0x00,0x00,0x00,0x40,0x00,0x02,0x33,0x33,0x33,0x33,0x33,0x33,0x33,0x32,
    /* Level 117 */
    0x00,0x00,0x00,0x00,0x00,0x00,0x00,0x72,0x00,0x00,0x00,0x00,0x00,0x00,0x00,0x02,
    0x00,0x00,0x00,0x00,0x00,0x00,0x00,0x52,0x00,0x00,0x00,0x00,0x00,0x00,0x00,0x02,
    0x00,0x00,0x00,0x00,0x00,0x00,0x00,0x02,0x00,0x00,0x00,0x00,0x10,0x00,0x00,0x52,
    0x00,0x00,0x00,0x00,0x10,0x33,0x33,0x32,0x00,0x00,0x00,0x00,0x00,0x00,0x00,0x02,
    0x00,0x00,0x10,0x00,0x00,0x00,0x00,0x02,0x00,0x05,0x10,0x00,0x20,0x00,0x00,0x02,
    0x00,0x00,0x20,0x00,0x10,0x00,0x00,0x02,0x05,0x33,0x33,0x33,0x33,0x66,0x60,0x52,
    0x00,0x09,0x10,0x05,0x20,0x00,0x00,0x02,0x00,0x01,0x20,0x00,0x20,0x00,0x00,0x02,
    0x00,0x52,0x00,0x00,0x40,0x04,0x00,0x02,0x00,0x51,0x00,0x33,0x33,0x04,0x00,0x02,
    0x00,0x01,0x00,0x00,0x00,0x04,0x00,0x52,0x00,0x00,0x00,0x00,0x00,0x04,0x01,0x02,
    0x00,0x02,0x00,0x00,0x00,0x81,0x01,0x02,0x00,0x01,0x00,0x00,0x00,0x01,0x01,0x02,
    0x00,0x02,0x00,0x33,0x33,0x33,0x01,0x02,0x05,0x33,0x33,0x20,0x00,0x00,0x00,0x82,
    0x00,0x51,0x00,0x00,0x00,0x02,0x00,0x52,0x33,0x52,0x33,0x33,0x33,0x51,0x52,0x32,
    0x00,0x01,0x00,0x00,0x00,0x51,0x01,0x02,0x00,0x00,0x00,0x10,0x00,0x52,0x00,0x02,
    0x00,0x00,0x00,0x10,0x00,0x52,0x00,0x82,0x00,0x00,0x00,0x00,0x00,0x00,0x00,0x02,
    /* Level 118 */
    0x00,0x00,0x00,0x00,0x00,0x00,0x00,0x72,0x00,0x00,0x00,0x33,0x33,0x33,0x33,0x32,
    0x00,0x00,0x04,0x00,0x00,0x04,0x00,0x02,0x00,0x53,0x33,0x33,0x00,0x04,0x00,0x02,
    0x00,0x00,0x04,0x00,0x00,0x04,0x00,0x02,0x00,0x00,0x04,0x00,0x00,0x00,0x00,0x02,
    0x00,0x00,0x04,0x00,0x00,0x00,0x00,0x02,0x00,0x00,0x04,0x00,0x04,0x00,0x00,0x02,
    0x00,0x00,0x04,0x00,0x04,0x00,0x00,0x52,0x00,0x00,0x00,0x00,0x04,0x00,0x00,0x02,
    0x00,0x00,0x00,0x00,0x04,0x53,0x33,0x33,0x00,0x00,0x00,0x00,0x04,0x00,0x02,0x02,
    0x00,0x00,0x13,0x33,0x33,0x00,0x51,0x52,0x00,0x00,0x10,0x00,0x02,0x00,0x81,0x02,
    0x00,0x00,0x10,0x00,0x82,0x20,0x81,0x02,0x00,0x02,0x90,0x03,0x33,0x10,0x00,0x02,
    0x00,0x02,0x20,0x00,0x01,0x10,0x00,0x02,0x00,0x01,0x20,0x20,0x51,0x10,0x02,0x82,
    0x00,0x02,0x10,0x10,0x03,0x33,0x33,0x02,0x00,0x02,0x16,0x16,0x61,0x00,0x52,0x02,
    0x00,0x01,0x00,0x10,0x05,0x20,0x22,0x02,0x00,0x01,0x00,0x20,0x01,0x05,0x22,0x52,
    0x00,0x05,0x10,0x00,0x01,0x05,0x22,0x02,0x00,0x02,0x20,0x00,0x01,0x00,0x01,0x02,
    0x00,0x02,0x10,0x00,0x00,0x00,0x01,0x02,0x00,0x01,0x00,0x10,0x00,0x05,0x20,0x02,
    0x33,0x33,0x33,0x33,0x33,0x33,0x33,0x32,0x00,0x00,0x00,0x00,0x00,0x00,0x00,0x02,
    /* Level 119 */
    0x00,0x00,0x00,0x00,0x00,0x00,0x00,0x72,0x00,0x00,0x00,0x00,0x00,0x00,0x00,0x02,
    0x00,0x00,0x00,0x00,0x00,0x00,0x00,0x02,0x00,0x00,0x00,0x40,0x00,0x00,0x00,0x02,
    0x00,0x00,0x00,0x40,0x00,0x00,0x00,0x02,0x00,0x00,0x00,0x40,0x00,0x00,0x00,0x02,
    0x00,0x03,0x33,0x33,0x00,0x00,0x01,0x02,0x00,0x00,0x66,0x60,0x00,0x00,0x01,0x02,
    0x00,0x00,0x00,0x02,0x00,0x00,0x52,0x02,0x00,0x00,0x00,0x02,0x00,0x00,0x82,0x02,
    0x00,0x00,0x33,0x32,0x00,0x00,0x01,0x12,0x00,0x00,0x00,0x51,0x00,0x00,0x01,0x22,
    0x00,0x00,0x00,0x02,0x00,0x00,0x02,0x12,0x00,0x09,0x00,0x02,0x00,0x00,0x51,0x12,
    0x00,0x51,0x00,0x02,0x00,0x00,0x00,0x12,0x00,0x00,0x10,0x81,0x00,0x00,0x00,0x12,
    0x00,0x05,0x10,0x02,0x00,0x00,0x51,0x22,0x00,0x01,0x10,0x02,0x10,0x00,0x02,0x22,
    0x00,0x01,0x10,0x00,0x10,0x00,0x51,0x12,0x00,0x52,0x40,0x00,0x13,0x33,0x30,0x12,
    0x00,0x51,0x20,0x51,0x00,0x10,0x10,0x22,0x00,0x02,0x20,0x51,0x20,0x15,0x20,0x02,
    0x00,0x09,0x20,0x01,0x25,0x10,0x05,0x22,0x33,0x51,0x23,0x31,0x23,0x13,0x33,0x33,
    0x00,0x00,0x00,0x01,0x16,0x00,0x00,0x52,0x08,0x33,0x30,0x05,0x10,0x00,0x20,0x52,
    0x00,0x00,0x00,0x00,0x10,0x00,0x20,0x02,0x00,0x00,0x00,0x00,0x00,0x00,0x00,0x02,
    /* Level 120 */
    0x00,0x00,0x00,0x00,0x00,0x00,0x00,0x72,0x00,0x00,0x00,0x00,0x00,0x00,0x00,0x52,
    0x00,0x00,0x00,0x00,0x00,0x00,0x00,0x02,0x00,0x00,0x01,0x00,0x00,0x00,0x00,0x52,
    0x00,0x02,0x01,0x40,0x00,0x00,0x00,0x02,0x00,0x52,0x01,0x40,0x00,0x00,0x00,0x02,
    0x00,0x51,0x02,0x45,0x33,0x33,0x33,0x02,0x00,0x01,0x01,0x40,0x00,0x00,0x00,0x02,
    0x00,0x01,0x02,0x33,0x33,0x33,0x16,0x62,0x00,0x00,0x51,0x40,0x00,0x00,0x10,0x82,
    0x00,0x00,0x02,0x40,0x00,0x00,0x10,0x02,0x00,0x53,0x33,0x02,0x00,0x00,0x10,0x52,
    0x00,0x51,0x00,0x53,0x33,0x00,0x15,0x12,0x00,0x00,0x09,0x02,0x00,0x05,0x10,0x12,
    0x00,0x00,0x01,0x33,0x33,0x31,0x00,0x12,0x00,0x00,0x01,0x00,0x40,0x02,0x00,0x22,
    0x00,0x00,0x02,0x00,0x40,0x02,0x00,0x12,0x00,0x00,0x01,0x00,0x40,0x82,0x10,0x22,
    0x00,0x00,0x52,0x02,0x40,0x21,0x20,0x22,0x00,0x00,0x00,0x02,0x40,0x11,0x10,0x12,
    0x00,0x00,0x00,0x51,0x45,0x11,0x00,0x22,0x00,0x00,0x00,0x02,0x45,0x11,0x08,0x22,
    0x00,0x00,0x00,0x00,0x08,0x12,0x05,0x12,0x00,0x00,0x00,0x00,0x00,0x01,0x00,0x12,
    0x00,0x00,0x00,0x00,0x00,0x00,0x00,0x22,0x00,0x00,0x00,0x03,0x33,0x33,0x30,0x52,
    0x06,0x66,0x66,0x00,0x00,0x03,0x33,0x33,0x33,0x33,0x33,0x33,0x33,0x33,0x33,0x32,
    /* Level 121 */
    0x00,0x00,0x00,0x00,0x00,0x00,0x00,0x72,0x00,0x00,0x00,0x00,0x00,0x00,0x00,0x02,
    0x00,0x01,0x00,0x00,0x03,0x33,0x20,0x02,0x00,0x01,0x00,0x33,0x33,0x00,0x20,0x02,
    0x00,0x00,0x00,0x00,0x00,0x20,0x10,0x02,0x00,0x01,0x00,0x00,0x05,0x10,0x00,0x02,
    0x00,0x51,0x00,0x40,0x00,0x20,0x00,0x52,0x00,0x01,0x00,0x10,0x00,0x20,0x20,0x02,
    0x00,0x01,0x00,0x23,0x33,0x10,0x10,0x02,0x00,0x03,0x33,0x30,0x25,0x15,0x10,0x02,
    0x00,0x01,0x00,0x20,0x10,0x20,0x20,0x02,0x00,0x01,0x00,0x10,0x10,0x02,0x20,0x52,
    0x00,0x02,0x90,0x10,0x25,0x33,0x33,0x33,0x00,0x01,0x10,0x25,0x20,0x02,0x20,0x22,
    0x00,0x02,0x10,0x26,0x26,0x61,0x18,0x22,0x00,0x01,0x33,0x33,0x10,0x02,0x15,0x12,
    0x00,0x01,0x20,0x21,0x10,0x01,0x25,0x22,0x00,0x00,0x10,0x11,0x10,0x01,0x10,0x02,
    0x00,0x00,0x10,0x28,0x10,0x33,0x33,0x02,0x00,0x08,0x20,0x05,0x10,0x01,0x00,0x02,
    0x00,0x40,0x20,0x00,0x20,0x02,0x00,0x12,0x00,0x40,0x10,0x02,0x00,0x01,0x00,0x12,
    0x00,0x40,0x00,0x02,0x20,0x01,0x00,0x12,0x00,0x40,0x00,0x00,0x20,0x01,0x05,0x22,
    0x00,0x40,0x00,0x00,0x00,0x02,0x08,0x12,0x00,0x40,0x03,0x33,0x00,0x00,0x00,0x22,
    0x00,0x00,0x00,0x00,0x00,0x00,0x00,0x82,0x33,0x33,0x33,0x33,0x33,0x33,0x33,0x32,
    /* Level 122 */
    0x00,0x00,0x00,0x00,0x00,0x00,0x00,0x72,0x00,0x00,0x20,0x00,0x00,0x00,0x01,0x02,
    0x00,0x00,0x11,0x00,0x00,0x00,0x02,0x02,0x00,0x05,0x12,0x00,0x00,0x00,0x42,0x02,
    0x00,0x00,0x00,0x00,0x00,0x01,0x41,0x22,0x00,0x00,0x02,0x00,0x05,0x13,0x33,0x32,
    0x00,0x03,0x33,0x33,0x30,0x22,0x51,0x12,0x00,0x00,0x01,0x00,0x00,0x21,0x00,0x22,
    0x00,0x03,0x33,0x30,0x00,0x22,0x05,0x22,0x00,0x00,0x00,0x00,0x05,0x22,0x08,0x12,
    0x00,0x00,0x00,0x00,0x00,0x82,0x51,0x12,0x00,0x00,0x00,0x00,0x00,0x09,0x02,0x22,
    0x00,0x00,0x04,0x33,0x36,0x60,0x00,0x22,0x05,0x33,0x33,0x00,0x00,0x00,0x00,0x12,
    0x00,0x00,0x04,0x00,0x00,0x00,0x00,0x12,0x00,0x00,0x04,0x52,0x00,0x51,0x00,0x52,
    0x00,0x00,0x04,0x11,0x00,0x51,0x00,0x02,0x00,0x00,0x04,0x11,0x00,0x00,0x00,0x12,
    0x00,0x00,0x04,0x21,0x00,0x00,0x05,0x12,0x05,0x33,0x33,0x33,0x00,0x00,0x10,0x12,
    0x00,0x00,0x04,0x10,0x00,0x00,0x10,0x82,0x00,0x00,0x04,0x20,0x33,0x33,0x20,0x02,
    0x00,0x00,0x04,0x12,0x00,0x00,0x20,0x02,0x00,0x00,0x04,0x22,0x00,0x00,0x20,0x02,
    0x00,0x00,0x04,0x01,0x00,0x00,0x00,0x52,0x00,0x00,0x04,0x83,0x33,0x30,0x00,0x52,
    0x33,0x33,0x34,0x16,0x63,0x33,0x33,0x32,0x00,0x00,0x00,0x00,0x00,0x00,0x00,0x02,
    /* Level 123 */
    0x00,0x00,0x00,0x00,0x00,0x00,0x00,0x72,0x00,0x00,0x00,0x20,0x00,0x01,0x00,0x52,
    0x00,0x00,0x00,0x22,0x00,0x09,0x00,0x52,0x00,0x00,0x00,0x22,0x00,0x03,0x33,0x33,
    0x00,0x00,0x00,0x21,0x00,0x00,0x00,0x02,0x00,0x00,0x00,0x12,0x00,0x00,0x00,0x02,
    0x00,0x00,0x05,0x22,0x05,0x33,0x33,0x33,0x00,0x03,0x33,0x33,0x00,0x03,0x33,0x32,
    0x00,0x00,0x22,0x10,0x00,0x52,0x00,0x02,0x00,0x00,0x11,0x10,0x00,0x51,0x00,0x02,
    0x00,0x00,0x52,0x20,0x40,0x00,0x20,0x82,0x00,0x00,0x15,0x10,0x42,0x05,0x10,0x52,
    0x00,0x00,0x21,0x10,0x41,0x04,0x20,0x02,0x00,0x05,0x11,0x10,0x41,0x04,0x20,0x02,
    0x00,0x04,0x21,0x10,0x42,0x04,0x00,0x02,0x00,0x04,0x21,0x10,0x52,0x04,0x01,0x52,
    0x00,0x04,0x10,0x00,0x82,0x04,0x21,0x02,0x00,0x00,0x90,0x00,0x00,0x04,0x00,0x82,
    0x00,0x00,0x00,0x90,0x33,0x33,0x33,0x32,0x00,0x01,0x40,0x00,0x52,0x00,0x00,0x82,
    0x00,0x02,0x40,0x00,0x00,0x00,0x02,0x52,0x00,0x01,0x40,0x00,0x00,0x00,0x51,0x52,
    0x00,0x01,0x00,0x00,0x04,0x00,0x01,0x02,0x33,0x33,0x33,0x33,0x34,0x33,0x32,0x52,
    0x00,0x00,0x00,0x00,0x04,0x00,0x52,0x02,0x00,0x00,0x00,0x00,0x04,0x00,0x01,0x82,
    0x00,0x00,0x33,0x33,0x34,0x00,0x00,0x02,0x00,0x00,0x00,0x00,0x00,0x00,0x00,0x02,
    /* Level 124 */
    0x00,0x00,0x00,0x00,0x00,0x00,0x00,0x72,0x00,0x00,0x00,0x00,0x00,0x00,0x00,0x52,
    0x00,0x00,0x00,0x00,0x00,0x00,0x10,0x22,0x00,0x05,0x10,0x00,0x00,0x05,0x20,0x12,
    0x00,0x00,0x20,0x00,0x00,0x00,0x20,0x22,0x00,0x00,0x10,0x00,0x00,0x05,0x10,0x22,
    0x00,0x00,0x10,0x00,0x00,0x00,0x10,0x22,0x00,0x00,0x90,0x00,0x00,0x05,0x10,0x22,
    0x00,0x00,0x03,0x33,0x64,0x33,0x30,0x52,0x00,0x00,0x02,0x03,0x33,0x30,0x40,0x22,
    0x00,0x00,0x11,0x04,0x04,0x08,0x20,0x12,0x00,0x05,0x21,0x04,0x03,0x33,0x30,0x12,
    0x00,0x00,0x00,0x04,0x04,0x01,0x10,0x22,0x00,0x00,0x00,0x04,0x00,0x03,0x33,0x22,
    0x00,0x00,0x00,0x04,0x00,0x51,0x05,0x12,0x00,0x00,0x01,0x04,0x00,0x01,0x00,0x12,
    0x00,0x00,0x00,0x00,0x00,0x10,0x00,0x22,0x00,0x00,0x00,0x00,0x53,0x33,0x35,0x22,
    0x00,0x00,0x00,0x20,0x05,0x20,0x00,0x02,0x00,0x00,0x00,0x20,0x00,0x00,0x00,0x02,
    0x00,0x00,0x05,0x20,0x00,0x00,0x00,0x82,0x00,0x00,0x00,0x10,0x08,0x10,0x00,0x02,
    0x00,0x00,0x00,0x00,0x00,0x20,0x00,0x52,0x00,0x00,0x00,0x00,0x05,0x10,0x00,0x02,
    0x00,0x00,0x00,0x00,0x00,0x10,0x33,0x33,0x00,0x00,0x00,0x00,0x05,0x20,0x00,0x82,
    0x33,0x33,0x33,0x53,0x33,0x33,0x33,0x32,0x00,0x00,0x00,0x00,0x00,0x00,0x00,0x02,
    /* Level 125 */
    0x00,0x00,0x00,0x00,0x00,0x00,0x00,0x72,0x00,0x00,0x00,0x00,0x00,0x00,0x00,0x02,
    0x06,0x62,0x00,0x00,0x05,0x20,0x00,0x02,0x00,0x01,0x00,0x00,0x05,0x20,0x00,0x52,
    0x00,0x51,0x05,0x10,0x05,0x33,0x33,0x33,0x00,0x02,0x46,0x20,0x00,0x33,0x33,0x33,
    0x00,0x00,0x40,0x20,0x00,0x20,0x00,0x02,0x00,0x00,0x40,0x10,0x00,0x10,0x00,0x02,
    0x00,0x00,0x41,0x00,0x00,0x20,0x00,0x12,0x00,0x00,0x42,0x00,0x33,0x33,0x33,0x22,
    0x00,0x00,0x01,0x00,0x00,0x10,0x02,0x12,0x00,0x00,0x01,0x00,0x20,0x10,0x01,0x12,
    0x00,0x00,0x01,0x05,0x20,0x10,0x81,0x22,0x00,0x00,0x52,0x00,0x10,0x00,0x01,0x02,
    0x00,0x00,0x01,0x05,0x20,0x00,0x01,0x82,0x00,0x00,0x42,0x00,0x20,0x00,0x01,0x52,
    0x00,0x00,0x41,0x00,0x05,0x20,0x00,0x02,0x00,0x00,0x40,0x00,0x00,0x00,0x01,0x52,
    0x00,0x00,0x40,0x00,0x00,0x00,0x00,0x52,0x00,0x00,0x40,0x00,0x00,0x00,0x00,0x02,
    0x00,0x00,0x01,0x00,0x00,0x00,0x00,0x02,0x00,0x00,0x81,0x00,0x33,0x33,0x30,0x02,
    0x00,0x00,0x02,0x00,0x00,0x00,0x00,0x82,0x33,0x33,0x53,0x33,0x33,0x33,0x33,0x32,
    0x00,0x00,0x01,0x00,0x00,0x00,0x00,0x02,0x00,0x00,0x00,0x00,0x00,0x00,0x00,0x52,
    0x00,0x00,0x00,0x00,0x00,0x00,0x00,0x52,0x00,0x00,0x00,0x00,0x00,0x00,0x00,0x02,
    /* Level 126 */
    0x00,0x00,0x00,0x00,0x00,0x00,0x00,0x72,0x00,0x00,0x00,0x00,0x00,0x00,0x00,0x52,
    0x00,0x00,0x00,0x02,0x33,0x30,0x00,0x02,0x00,0x00,0x00,0x02,0x00,0x00,0x00,0x52,
    0x00,0x53,0x33,0x33,0x30,0x00,0x00,0x02,0x00,0x00,0x00,0x03,0x33,0x00,0x00,0x02,
    0x00,0x00,0x00,0x51,0x10,0x00,0x00,0x02,0x00,0x00,0x00,0x52,0x10,0x64,0x66,0x62,
    0x00,0x00,0x00,0x00,0x20,0x04,0x00,0x02,0x00,0x00,0x00,0x00,0x20,0x04,0x00,0x02,
    0x00,0x00,0x00,0x08,0x20,0x04,0x00,0x02,0x00,0x00,0x02,0x05,0x20,0x04,0x00,0x52,
    0x00,0x00,0x01,0x53,0x33,0x00,0x00,0x02,0x00,0x00,0x02,0x66,0x20,0x00,0x05,0x12,
    0x00,0x00,0x00,0x00,0x20,0x00,0x05,0x22,0x00,0x00,0x01,0x00,0x00,0x53,0x33,0x32,
    0x00,0x00,0x83,0x33,0x33,0x00,0x00,0x22,0x00,0x00,0x01,0x08,0x10,0x00,0x00,0x12,
    0x00,0x00,0x01,0x05,0x20,0x00,0x02,0x12,0x00,0x05,0x11,0x00,0x20,0x00,0x51,0x12,
    0x00,0x05,0x12,0x00,0x40,0x00,0x02,0x22,0x00,0x00,0x20,0x00,0x40,0x00,0x82,0x22,
    0x00,0x00,0x10,0x00,0x40,0x00,0x02,0x02,0x00,0x00,0x20,0x00,0x40,0x00,0x00,0x52,
    0x33,0x33,0x33,0x33,0x43,0x33,0x33,0x32,0x00,0x00,0x00,0x00,0x40,0x00,0x00,0x12,
    0x00,0x00,0x10,0x00,0x00,0x00,0x00,0x02,0x00,0x00,0x00,0x00,0x00,0x00,0x00,0x02,
    /* Level 127 */
    0x00,0x00,0x00,0x00,0x00,0x00,0x00,0x72,0x00,0x00,0x00,0x00,0x00,0x00,0x40,0x02,
    0x00,0x00,0x00,0x00,0x00,0x00,0x40,0x02,0x00,0x00,0x33,0x33,0x30,0x00,0x40,0x02,
    0x00,0x00,0x00,0x04,0x00,0x40,0x00,0x02,0x00,0x00,0x00,0x04,0x00,0x40,0x00,0x52,
    0x00,0x00,0x00,0x00,0x52,0x40,0x00,0x22,0x00,0x09,0x00,0x10,0x52,0x40,0x00,0x22,
    0x00,0x52,0x90,0x20,0x01,0x40,0x00,0x22,0x00,0x51,0x28,0x10,0x00,0x40,0x00,0x02,
    0x00,0x51,0x25,0x10,0x02,0x40,0x00,0x12,0x00,0x82,0x20,0x20,0x01,0x00,0x05,0x12,
    0x00,0x82,0x15,0x13,0x33,0x00,0x00,0x12,0x00,0x08,0x15,0x10,0x02,0x00,0x00,0x22,
    0x00,0x00,0x20,0x10,0x00,0x00,0x00,0x22,0x00,0x02,0x20,0x10,0x00,0x00,0x08,0x22,
    0x00,0x01,0x10,0x00,0x00,0x00,0x00,0x12,0x00,0x00,0x00,0x20,0x00,0x00,0x00,0x12,
    0x00,0x00,0x00,0x33,0x33,0x33,0x33,0x12,0x00,0x00,0x00,0x00,0x00,0x00,0x52,0x12,
    0x00,0x00,0x20,0x05,0x33,0x33,0x02,0x12,0x00,0x00,0x10,0x00,0x33,0x33,0x32,0x22,
    0x00,0x03,0x33,0x33,0x33,0x00,0x01,0x22,0x00,0x06,0x16,0x00,0x06,0x66,0x60,0x52,
    0x00,0x00,0x00,0x00,0x00,0x00,0x00,0x52,0x00,0x00,0x00,0x00,0x00,0x00,0x00,0x02,
    0x33,0x33,0x33,0x33,0x33,0x33,0x33,0x32,0x00,0x00,0x00,0x00,0x00,0x00,0x00,0x02,
    /* Level 128 */
    0x00,0x00,0x00,0x00,0x00,0x00,0x00,0x72,0x00,0x00,0x51,0x33,0x33,0x00,0x00,0x52,
    0x00,0x00,0x51,0x00,0x00,0x00,0x00,0x02,0x00,0x00,0x51,0x00,0x00,0x00,0x00,0x02,
    0x00,0x00,0x01,0x00,0x00,0x00,0x00,0x02,0x00,0x00,0x52,0x00,0x00,0x00,0x00,0x02,
    0x00,0x00,0x02,0x00,0x00,0x00,0x00,0x52,0x00,0x00,0x02,0x00,0x00,0x00,0x00,0x02,
    0x00,0x00,0x02,0x00,0x00,0x00,0x00,0x02,0x00,0x00,0x02,0x00,0x00,0x00,0x05,0x12,
    0x00,0x00,0x00,0x00,0x03,0x33,0x33,0x33,0x00,0x00,0x00,0x00,0x00,0x53,0x33,0x32,
    0x00,0x00,0x02,0x00,0x00,0x00,0x00,0x02,0x00,0x08,0x11,0x00,0x20,0x00,0x33,0x33,
    0x00,0x00,0x22,0x08,0x20,0x04,0x05,0x12,0x00,0x00,0x12,0x00,0x16,0x64,0x00,0x02,
    0x00,0x05,0x10,0x00,0x20,0x04,0x00,0x52,0x00,0x08,0x20,0x00,0x15,0x24,0x00,0x02,
    0x00,0x00,0x10,0x00,0x02,0x14,0x00,0x02,0x00,0x03,0x33,0x33,0x39,0x00,0x20,0x52,
    0x00,0x05,0x20,0x00,0x51,0x33,0x33,0x32,0x00,0x00,0x20,0x00,0x52,0x05,0x33,0x32,
    0x00,0x00,0x20,0x00,0x62,0x16,0x12,0x52,0x33,0x33,0x23,0x33,0x52,0x23,0x29,0x32,
    0x00,0x00,0x00,0x00,0x02,0x10,0x00,0x52,0x00,0x00,0x00,0x00,0x04,0x10,0x00,0x82,
    0x00,0x00,0x00,0x00,0x04,0x20,0x02,0x02,0x00,0x00,0x00,0x00,0x00,0x00,0x00,0x02,
    /* Level 129 */
    0x00,0x00,0x00,0x00,0x00,0x00,0x00,0x72,0x00,0x00,0x00,0x00,0x00,0x33,0x33,0x33,
    0x00,0x00,0x00,0x40,0x00,0x00,0x04,0x52,0x00,0x00,0x00,0x40,0x00,0x00,0x04,0x02,
    0x00,0x00,0x00,0x40,0x00,0x00,0x04,0x02,0x00,0x00,0x00,0x40,0x10,0x00,0x04,0x02,
    0x05,0x33,0x33,0x33,0x10,0x00,0x04,0x02,0x00,0x00,0x00,0x00,0x20,0x10,0x04,0x52,
    0x00,0x00,0x04,0x00,0x20,0x10,0x00,0x52,0x00,0x00,0x02,0x05,0x20,0x10,0x00,0x52,
    0x00,0x00,0x02,0x00,0x20,0x20,0x00,0x02,0x00,0x00,0x02,0x00,0x52,0x00,0x00,0x02,
    0x00,0x00,0x01,0x00,0x22,0x01,0x00,0x02,0x00,0x00,0x04,0x00,0x11,0x02,0x00,0x02,
    0x00,0x00,0x20,0x00,0x21,0x02,0x00,0x02,0x00,0x00,0x90,0x02,0x12,0x05,0x33,0x32,
    0x00,0x03,0x33,0x33,0x10,0x02,0x00,0x02,0x00,0x00,0x11,0x52,0x12,0x52,0x00,0x02,
    0x00,0x00,0x11,0x12,0x01,0x02,0x00,0x02,0x00,0x00,0x01,0x22,0x00,0x41,0x02,0x82,
    0x00,0x00,0x51,0x06,0x66,0x42,0x02,0x02,0x00,0x00,0x00,0x00,0x00,0x41,0x01,0x02,
    0x00,0x00,0x08,0x20,0x00,0x41,0x01,0x52,0x00,0x03,0x33,0x33,0x30,0x42,0x81,0x02,
    0x33,0x33,0x35,0x13,0x33,0x51,0x33,0x32,0x00,0x00,0x00,0x00,0x00,0x01,0x00,0x02,
    0x00,0x00,0x00,0x00,0x00,0x01,0x00,0x82,0x00,0x00,0x00,0x00,0x00,0x00,0x00,0x02,
    /* Level 130 */
    0x00,0x00,0x00,0x00,0x00,0x00,0x00,0x72,0x00,0x00,0x00,0x00,0x00,0x00,0x10,0x02,
    0x00,0x00,0x33,0x33,0x00,0x00,0x20,0x02,0x00,0x00,0x00,0x51,0x00,0x05,0x10,0x02,
    0x00,0x00,0x00,0x09,0x00,0x00,0x20,0x02,0x00,0x00,0x00,0x02,0x00,0x05,0x20,0x52,
    0x00,0x00,0x00,0x02,0x00,0x05,0x20,0x02,0x00,0x00,0x00,0x01,0x00,0x05,0x10,0x52,
    0x00,0x03,0x33,0x33,0x30,0x02,0x00,0x52,0x00,0x00,0x04,0x81,0x00,0x02,0x00,0x02,
    0x00,0x00,0x04,0x12,0x00,0x00,0x00,0x22,0x00,0x00,0x05,0x11,0x00,0x83,0x33,0x33,
    0x00,0x00,0x00,0x00,0x00,0x02,0x20,0x22,0x00,0x00,0x00,0x00,0x00,0x52,0x10,0x12,
    0x00,0x00,0x08,0x10,0x00,0x82,0x10,0x12,0x05,0x33,0x33,0x33,0x00,0x21,0x33,0x33,
    0x00,0x00,0x04,0x20,0x05,0x22,0x20,0x02,0x05,0x33,0x33,0x30,0x08,0x20,0x00,0x02,
    0x00,0x00,0x04,0x20,0x05,0x10,0x00,0x22,0x00,0x00,0x04,0x20,0x00,0x90,0x05,0x12,
    0x00,0x00,0x04,0x20,0x05,0x20,0x00,0x22,0x00,0x00,0x04,0x00,0x00,0x20,0x00,0x12,
    0x00,0x00,0x04,0x00,0x05,0x20,0x05,0x12,0x00,0x00,0x00,0x00,0x05,0x20,0x00,0x22,
    0x33,0x33,0x33,0x33,0x33,0x33,0x33,0x22,0x00,0x00,0x00,0x00,0x00,0x00,0x05,0x12,
    0x00,0x00,0x00,0x00,0x00,0x06,0x66,0x22,0x00,0x00,0x00,0x00,0x00,0x00,0x00,0x02,
    /* Level 131 */
    0x00,0x00,0x00,0x00,0x00,0x00,0x00,0x72,0x00,0x03,0x33,0x30,0x40,0x00,0x00,0x52,
    0x00,0x00,0x00,0x33,0x30,0x00,0x66,0x62,0x00,0x00,0x00,0x01,0x40,0x00,0x00,0x52,
    0x00,0x00,0x00,0x02,0x40,0x00,0x00,0x02,0x00,0x02,0x00,0x51,0x40,0x00,0x00,0x02,
    0x00,0x01,0x00,0x01,0x40,0x00,0x00,0x02,0x00,0x01,0x00,0x01,0x01,0x10,0x00,0x02,
    0x00,0x42,0x20,0x02,0x01,0x10,0x00,0x52,0x00,0x42,0x10,0x02,0x01,0x20,0x00,0x02,
    0x00,0x33,0x33,0x31,0x02,0x00,0x00,0x12,0x00,0x41,0x20,0x02,0x01,0x20,0x05,0x22,
    0x00,0x42,0x10,0x52,0x01,0x10,0x00,0x12,0x00,0x04,0x20,0x00,0x09,0x20,0x05,0x22,
    0x00,0x04,0x22,0x01,0x51,0x20,0x05,0x22,0x00,0x04,0x02,0x51,0x02,0x20,0x00,0x22,
    0x00,0x83,0x33,0x02,0x01,0x20,0x00,0x12,0x00,0x00,0x01,0x01,0x82,0x20,0x00,0x52,
    0x00,0x00,0x00,0x51,0x12,0x20,0x00,0x12,0x00,0x00,0x00,0x41,0x10,0x20,0x00,0x12,
    0x00,0x03,0x33,0x33,0x30,0x00,0x05,0x22,0x00,0x00,0x53,0x33,0x33,0x33,0x33,0x22,
    0x00,0x00,0x00,0x40,0x20,0x00,0x08,0x22,0x00,0x00,0x00,0x40,0x10,0x00,0x05,0x12,
    0x00,0x00,0x53,0x33,0x30,0x00,0x08,0x22,0x00,0x00,0x00,0x06,0x16,0x60,0x00,0x12,
    0x33,0x33,0x33,0x33,0x13,0x33,0x33,0x12,0x00,0x00,0x00,0x00,0x00,0x00,0x00,0x02,
    /* Level 132 */
    0x00,0x00,0x00,0x00,0x00,0x00,0x00,0x72,0x00,0x02,0x00,0x01,0x00,0x00,0x00,0x02,
    0x05,0x33,0x33,0x33,0x00,0x00,0x00,0x52,0x00,0x02,0x00,0x51,0x00,0x00,0x00,0x02,
    0x00,0x00,0x20,0x01,0x00,0x00,0x00,0x52,0x00,0x01,0x20,0x04,0x00,0x00,0x00,0x02,
    0x00,0x01,0x10,0x04,0x00,0x00,0x00,0x02,0x00,0x01,0x20,0x04,0x33,0x33,0x30,0x02,
    0x00,0x01,0x10,0x52,0x00,0x00,0x00,0x52,0x00,0x01,0x00,0x00,0x00,0x33,0x33,0x32,
    0x00,0x51,0x26,0x40,0x00,0x00,0x00,0x02,0x00,0x81,0x11,0x40,0x00,0x00,0x00,0x82,
    0x00,0x81,0x11,0x40,0x00,0x00,0x00,0x02,0x00,0x01,0x01,0x40,0x02,0x00,0x00,0x02,
    0x00,0x00,0x02,0x40,0x12,0x66,0x66,0x02,0x00,0x00,0x52,0x45,0x12,0x00,0x00,0x02,
    0x00,0x00,0x41,0x40,0x02,0x00,0x00,0x02,0x00,0x00,0x42,0x08,0x92,0x00,0x00,0x02,
    0x00,0x53,0x33,0x33,0x33,0x00,0x00,0x02,0x00,0x00,0x42,0x00,0x12,0x02,0x00,0x02,
    0x00,0x00,0x42,0x00,0x21,0x02,0x00,0x02,0x00,0x00,0x42,0x00,0x12,0x01,0x00,0x52,
    0x00,0x00,0x41,0x03,0x33,0x02,0x00,0x52,0x00,0x00,0x40,0x04,0x20,0x52,0x00,0x52,
    0x00,0x00,0x40,0x04,0x23,0x33,0x33,0x32,0x00,0x33,0x33,0x04,0x02,0x51,0x00,0x82,
    0x00,0x00,0x52,0x04,0x52,0x00,0x00,0x02,0x33,0x33,0x33,0x33,0x33,0x33,0x33,0x32,
    /* Level 133 */
    0x00,0x00,0x00,0x00,0x00,0x00,0x00,0x72,0x00,0x00,0x00,0x00,0x00,0x00,0x00,0x02,
    0x00,0x00,0x53,0x33,0x30,0x01,0x00,0x02,0x00,0x00,0x00,0x00,0x00,0x01,0x00,0x02,
    0x00,0x00,0x00,0x00,0x00,0x09,0x00,0x02,0x00,0x00,0x00,0x00,0x00,0x02,0x00,0x02,
    0x00,0x00,0x00,0x24,0x33,0x33,0x00,0x02,0x00,0x00,0x05,0x14,0x00,0x02,0x00,0x02,
    0x00,0x00,0x01,0x14,0x04,0x22,0x00,0x02,0x00,0x00,0x02,0x14,0x04,0x22,0x00,0x02,
    0x00,0x00,0x02,0x23,0x33,0x32,0x10,0x02,0x00,0x00,0x02,0x10,0x04,0x21,0x10,0x82,
    0x00,0x00,0x00,0x10,0x00,0x20,0x10,0x52,0x00,0x00,0x01,0x20,0x00,0x13,0x33,0x32,
    0x00,0x00,0x52,0x20,0x05,0x21,0x20,0x02,0x00,0x40,0x00,0x00,0x00,0x29,0x10,0x02,
    0x00,0x48,0x10,0x00,0x02,0x10,0x00,0x02,0x00,0x40,0x10,0x00,0x12,0x10,0x00,0x02,
    0x00,0x40,0x20,0x52,0x12,0x05,0x20,0x82,0x00,0x40,0x10,0x01,0x01,0x20,0x10,0x02,
    0x00,0x40,0x10,0x01,0x51,0x00,0x10,0x02,0x00,0x40,0x00,0x01,0x00,0x05,0x20,0x02,
    0x00,0x40,0x00,0x05,0x20,0x05,0x10,0x02,0x00,0x40,0x00,0x00,0x00,0x00,0x10,0x02,
    0x00,0x40,0x00,0x06,0x33,0x33,0x30,0x52,0x00,0x40,0x33,0x30,0x00,0x00,0x00,0x82,
    0x00,0x33,0x33,0x00,0x00,0x00,0x00,0x02,0x33,0x33,0x33,0x33,0x33,0x33,0x33,0x32,
    /* Level 134 */
    0x00,0x00,0x00,0x00,0x00,0x00,0x00,0x72,0x00,0x00,0x05,0x33,0x33,0x36,0x66,0x62,
    0x00,0x00,0x00,0x05,0x20,0x00,0x00,0x52,0x00,0x00,0x00,0x05,0x10,0x00,0x00,0x02,
    0x00,0x00,0x00,0x00,0x00,0x00,0x00,0x02,0x00,0x01,0x00,0x00,0x06,0x66,0x66,0x02,
    0x00,0x51,0x00,0x00,0x20,0x00,0x00,0x52,0x00,0x01,0x00,0x10,0x20,0x00,0x00,0x02,
    0x00,0x02,0x00,0x10,0x20,0x00,0x04,0x02,0x00,0x01,0x00,0x25,0x13,0x33,0x34,0x02,
    0x00,0x52,0x00,0x15,0x20,0x00,0x04,0x82,0x00,0x01,0x10,0x10,0x10,0x00,0x04,0x02,
    0x00,0x82,0x20,0x25,0x10,0x00,0x04,0x02,0x00,0x82,0x22,0x05,0x20,0x00,0x04,0x02,
    0x00,0x00,0x11,0x00,0x10,0x03,0x33,0x33,0x00,0x00,0x92,0x20,0x20,0x00,0x00,0x02,
    0x00,0x01,0x22,0x00,0x00,0x00,0x00,0x22,0x00,0x02,0x01,0x00,0x00,0x00,0x05,0x22,
    0x00,0x02,0x00,0x00,0x04,0x00,0x00,0x02,0x00,0x52,0x10,0x00,0x04,0x02,0x00,0x52,
    0x00,0x01,0x10,0x00,0x04,0x02,0x00,0x82,0x00,0x01,0x22,0x00,0x00,0x33,0x30,0x12,
    0x00,0x82,0x12,0x00,0x00,0x01,0x00,0x22,0x00,0x00,0x21,0x33,0x33,0x33,0x00,0x12,
    0x33,0x33,0x23,0x33,0x33,0x33,0x33,0x32,0x00,0x00,0x20,0x00,0x03,0x33,0x33,0x33,
    0x00,0x00,0x20,0x00,0x00,0x00,0x00,0x52,0x00,0x00,0x00,0x00,0x00,0x00,0x00,0x02,
    /* Level 135 */
    0x00,0x00,0x00,0x00,0x00,0x00,0x00,0x72,0x00,0x00,0x00,0x00,0x33,0x30,0x20,0x02,
    0x00,0x00,0x00,0x00,0x02,0x00,0x20,0x02,0x00,0x00,0x00,0x00,0x02,0x00,0x20,0x02,
    0x00,0x00,0x00,0x00,0x59,0x00,0x00,0x02,0x00,0x00,0x00,0x00,0x03,0x33,0x33,0x02,
    0x00,0x00,0x00,0x00,0x01,0x00,0x20,0x02,0x00,0x00,0x00,0x00,0x01,0x05,0x20,0x02,
    0x00,0x00,0x02,0x00,0x01,0x00,0x10,0x02,0x00,0x00,0x02,0x00,0x00,0x03,0x33,0x33,
    0x00,0x00,0x09,0x00,0x00,0x05,0x20,0x02,0x00,0x00,0x89,0x00,0x00,0x00,0x20,0x52,
    0x00,0x00,0x51,0x00,0x02,0x00,0x20,0x02,0x00,0x00,0x82,0x04,0x02,0x00,0x20,0x52,
    0x00,0x00,0x82,0x04,0x02,0x00,0x00,0x02,0x00,0x00,0x01,0x04,0x00,0x00,0x00,0x52,
    0x00,0x05,0x12,0x64,0x00,0x00,0x00,0x52,0x00,0x33,0x33,0x33,0x00,0x00,0x00,0x02,
    0x00,0x00,0x01,0x04,0x00,0x04,0x00,0x02,0x00,0x08,0x11,0x03,0x33,0x33,0x33,0x33,
    0x00,0x00,0x20,0x00,0x20,0x04,0x05,0x12,0x00,0x00,0x20,0x05,0x20,0x04,0x05,0x22,
    0x00,0x00,0x20,0x05,0x20,0x00,0x00,0x02,0x00,0x08,0x21,0x05,0x20,0x00,0x00,0x02,
    0x33,0x33,0x11,0x33,0x33,0x33,0x33,0x22,0x00,0x00,0x22,0x00,0x00,0x00,0x00,0x12,
    0x00,0x00,0x00,0x00,0x00,0x00,0x00,0x02,0x00,0x00,0x00,0x00,0x00,0x00,0x00,0x02,
    /* Level 136 */
    0x00,0x00,0x00,0x00,0x00,0x00,0x00,0x72,0x00,0x00,0x00,0x00,0x02,0x00,0x00,0x02,
    0x00,0x00,0x00,0x00,0x52,0x00,0x00,0x02,0x00,0x00,0x00,0x02,0x01,0x00,0x00,0x02,
    0x00,0x00,0x00,0x02,0x01,0x00,0x00,0x02,0x00,0x00,0x00,0x02,0x02,0x00,0x00,0x02,
    0x00,0x00,0x00,0x02,0x00,0x00,0x00,0x02,0x00,0x00,0x00,0x02,0x00,0x00,0x52,0x02,
    0x00,0x00,0x00,0x00,0x00,0x33,0x33,0x52,0x00,0x40,0x10,0x03,0x33,0x33,0x01,0x02,
    0x00,0x40,0x15,0x20,0x00,0x00,0x52,0x02,0x00,0x33,0x33,0x90,0x00,0x00,0x02,0x02,
    0x00,0x40,0x28,0x90,0x00,0x00,0x22,0x02,0x00,0x48,0x10,0x20,0x40,0x00,0x11,0x02,
    0x00,0x48,0x10,0x10,0x40,0x05,0x11,0x02,0x00,0x05,0x20,0x00,0x40,0x08,0x12,0x02,
    0x00,0x00,0x20,0x00,0x40,0x00,0x21,0x02,0x00,0x00,0x90,0x00,0x43,0x33,0x31,0x02,
    0x00,0x06,0x33,0x36,0x40,0x00,0x11,0x02,0x00,0x05,0x10,0x00,0x40,0x00,0x21,0x02,
    0x00,0x00,0x20,0x00,0x40,0x00,0x10,0x02,0x00,0x00,0x00,0x00,0x40,0x00,0x10,0x52,
    0x00,0x05,0x20,0x00,0x00,0x00,0x01,0x52,0x00,0x00,0x20,0x00,0x00,0x00,0x52,0x02,
    0x00,0x00,0x20,0x00,0x00,0x00,0x00,0x02,0x00,0x00,0x00,0x00,0x00,0x00,0x00,0x02,
    0x00,0x00,0x00,0x00,0x00,0x00,0x00,0x52,0x33,0x33,0x33,0x33,0x33,0x33,0x33,0x32,
    /* Level 137 */
    0x00,0x00,0x00,0x00,0x00,0x00,0x00,0x72,0x00,0x00,0x00,0x00,0x00,0x00,0x00,0x02,
    0x00,0x00,0x00,0x00,0x00,0x00,0x00,0x02,0x00,0x00,0x00,0x00,0x03,0x33,0x33,0x02,
    0x00,0x00,0x00,0x00,0x00,0x00,0x00,0x02,0x00,0x00,0x03,0x33,0x30,0x00,0x00,0x02,
    0x00,0x00,0x00,0x05,0x33,0x33,0x33,0x02,0x00,0x00,0x00,0x00,0x00,0x00,0x00,0x02,
    0x00,0x00,0x00,0x00,0x05,0x33,0x30,0x02,0x00,0x00,0x01,0x10,0x00,0x00,0x00,0x52,
    0x00,0x00,0x52,0x10,0x00,0x00,0x00,0x52,0x00,0x00,0x01,0x20,0x00,0x02,0x00,0x02,
    0x06,0x66,0x01,0x10,0x00,0x52,0x00,0x82,0x00,0x00,0x02,0x20,0x00,0x52,0x00,0x02,
    0x00,0x00,0x02,0x22,0x00,0x02,0x20,0x02,0x00,0x00,0x02,0x21,0x00,0x02,0x10,0x02,
    0x00,0x00,0x01,0x00,0x00,0x01,0x10,0x02,0x00,0x00,0x02,0x21,0x00,0x01,0x10,0x02,
    0x00,0x00,0x00,0x21,0x02,0x00,0x33,0x33,0x00,0x00,0x02,0x11,0x52,0x00,0x41,0x02,
    0x00,0x53,0x33,0x33,0x01,0x51,0x41,0x02,0x00,0x00,0x02,0x21,0x00,0x02,0x12,0x02,
    0x00,0x00,0x51,0x02,0x00,0x51,0x00,0x02,0x00,0x00,0x01,0x01,0x01,0x81,0x00,0x02,
    0x00,0x00,0x82,0x00,0x00,0x02,0x00,0x02,0x00,0x00,0x01,0x00,0x00,0x00,0x00,0x52,
    0x00,0x00,0x00,0x00,0x00,0x00,0x00,0x82,0x33,0x33,0x33,0x33,0x33,0x33,0x33,0x32,
    /* Level 138 */
    0x00,0x00,0x00,0x00,0x00,0x00,0x00,0x72,0x00,0x00,0x00,0x53,0x33,0x00,0x00,0x02,
    0x00,0x00,0x33,0x33,0x33,0x05,0x10,0x02,0x00,0x00,0x00,0x00,0x00,0x05,0x10,0x02,
    0x00,0x00,0x00,0x00,0x00,0x05,0x10,0x52,0x00,0x00,0x00,0x00,0x00,0x00,0x20,0x02,
    0x00,0x00,0x00,0x00,0x00,0x52,0x10,0x02,0x00,0x00,0x33,0x33,0x30,0x51,0x10,0x52,
    0x00,0x00,0x00,0x00,0x03,0x33,0x30,0x52,0x00,0x33,0x33,0x33,0x04,0x22,0x26,0x62,
    0x00,0x00,0x04,0x00,0x04,0x21,0x10,0x52,0x00,0x00,0x04,0x00,0x04,0x12,0x00,0x02,
    0x00,0x33,0x33,0x33,0x02,0x12,0x00,0x82,0x00,0x00,0x04,0x00,0x82,0x01,0x00,0x02,
    0x00,0x00,0x04,0x00,0x02,0x02,0x16,0x62,0x00,0x00,0x04,0x00,0x51,0x11,0x10,0x82,
    0x00,0x00,0x00,0x05,0x12,0x12,0x20,0x02,0x00,0x00,0x00,0x04,0x12,0x41,0x20,0x02,
    0x00,0x00,0x00,0x04,0x12,0x40,0x20,0x02,0x00,0x00,0x00,0x24,0x22,0x42,0x00,0x02,
    0x00,0x00,0x00,0x24,0x20,0x40,0x00,0x02,0x00,0x00,0x00,0x10,0x00,0x40,0x00,0x82,
    0x00,0x00,0x00,0x00,0x02,0x40,0x00,0x02,0x33,0x33,0x33,0x33,0x31,0x33,0x33,0x32,
    0x00,0x00,0x00,0x00,0x02,0x00,0x00,0x02,0x00,0x00,0x00,0x10,0x52,0x00,0x00,0x82,
    0x00,0x00,0x00,0x00,0x00,0x00,0x00,0x02,0x00,0x00,0x00,0x00,0x00,0x00,0x00,0x02,
    /* Level 139 */
    0x00,0x00,0x00,0x00,0x00,0x00,0x00,0x72,0x00,0x02,0x00,0x00,0x00,0x00,0x02,0x02,
    0x00,0x02,0x00,0x00,0x05,0x33,0x33,0x02,0x00,0x00,0x00,0x00,0x00,0x00,0x02,0x02,
    0x00,0x00,0x00,0x00,0x00,0x00,0x02,0x02,0x00,0x02,0x66,0x66,0x60,0x00,0x02,0x02,
    0x00,0x59,0x02,0x00,0x00,0x00,0x02,0x02,0x00,0x02,0x51,0x00,0x00,0x00,0x02,0x02,
    0x00,0x01,0x01,0x00,0x00,0x00,0x51,0x52,0x00,0x00,0x02,0x00,0x00,0x00,0x51,0x02,
    0x00,0x00,0x52,0x00,0x00,0x00,0x61,0x62,0x00,0x00,0x09,0x00,0x00,0x33,0x31,0x02,
    0x00,0x00,0x02,0x53,0x33,0x33,0x01,0x52,0x00,0x00,0x82,0x10,0x01,0x00,0x81,0x02,
    0x00,0x00,0x51,0x20,0x52,0x00,0x00,0x02,0x00,0x00,0x00,0x23,0x33,0x33,0x00,0x02,
    0x00,0x00,0x01,0x12,0x24,0x00,0x01,0x02,0x00,0x00,0x01,0x02,0x24,0x01,0x02,0x82,
    0x00,0x00,0x52,0x11,0x14,0x02,0x02,0x52,0x00,0x00,0x52,0x22,0x14,0x02,0x00,0x02,
    0x00,0x00,0x53,0x33,0x33,0x01,0x20,0x02,0x00,0x00,0x00,0x11,0x14,0x02,0x10,0x52,
    0x00,0x00,0x33,0x33,0x33,0x01,0x10,0x52,0x00,0x00,0x00,0x21,0x00,0x01,0x00,0x52,
    0x00,0x00,0x00,0x10,0x00,0x00,0x00,0x02,0x00,0x00,0x08,0x22,0x00,0x00,0x20,0x02,
    0x00,0x00,0x00,0x02,0x00,0x00,0x00,0x02,0x33,0x33,0x33,0x33,0x33,0x33,0x33,0x32,
    /* Level 140 */
    0x00,0x00,0x00,0x00,0x00,0x00,0x00,0x72,0x00,0x00,0x00,0x00,0x00,0x00,0x00,0x02,
    0x00,0x00,0x00,0x00,0x00,0x00,0x00,0x02,0x00,0x00,0x00,0x00,0x00,0x40,0x00,0x02,
    0x00,0x00,0x00,0x00,0x00,0x40,0x00,0x02,0x05,0x33,0x33,0x01,0x00,0x40,0x00,0x02,
    0x00,0x00,0x00,0x51,0x00,0x40,0x00,0x52,0x00,0x00,0x00,0x41,0x00,0x40,0x01,0x52,
    0x00,0x00,0x53,0x33,0x33,0x40,0x01,0x52,0x00,0x00,0x00,0x40,0x00,0x40,0x01,0x02,
    0x00,0x00,0x00,0x41,0x00,0x40,0x02,0x52,0x00,0x53,0x33,0x51,0x00,0x01,0x00,0x52,
    0x00,0x00,0x00,0x01,0x00,0x52,0x33,0x32,0x00,0x00,0x00,0x00,0x00,0x02,0x21,0x82,
    0x00,0x00,0x00,0x00,0x00,0x02,0x22,0x02,0x00,0x00,0x00,0x00,0x00,0x82,0x92,0x02,
    0x00,0x00,0x00,0x00,0x00,0x01,0x20,0x02,0x00,0x00,0x05,0x20,0x00,0x11,0x20,0x02,
    0x00,0x00,0x00,0x13,0x33,0x22,0x10,0x02,0x00,0x00,0x00,0x20,0x81,0x33,0x33,0x32,
    0x00,0x00,0x08,0x10,0x00,0x10,0x10,0x02,0x00,0x00,0x00,0x10,0x00,0x10,0x00,0x02,
    0x00,0x00,0x00,0x00,0x02,0x00,0x33,0x32,0x00,0x00,0x00,0x00,0x01,0x61,0x16,0x62,
    0x00,0x00,0x00,0x00,0x01,0x01,0x10,0x82,0x33,0x33,0x33,0x33,0x33,0x32,0x33,0x32,
    0x00,0x00,0x00,0x03,0x33,0x33,0x30,0x02,0x00,0x00,0x00,0x00,0x00,0x00,0x00,0x02,
    /* Level 141 */
    0x00,0x00,0x00,0x00,0x00,0x00,0x00,0x72,0x00,0x00,0x00,0x00,0x00,0x00,0x10,0x02,
    0x00,0x33,0x33,0x00,0x00,0x00,0x10,0x02,0x00,0x00,0x00,0x00,0x00,0x00,0x20,0x02,
    0x00,0x33,0x33,0x00,0x00,0x00,0x20,0x02,0x00,0x00,0x00,0x00,0x00,0x00,0x10,0x02,
    0x00,0x00,0x00,0x00,0x00,0x00,0x20,0x02,0x00,0x00,0x00,0x00,0x00,0x00,0x00,0x02,
    0x00,0x00,0x00,0x00,0x00,0x00,0x00,0x52,0x00,0x00,0x02,0x00,0x00,0x05,0x20,0x02,
    0x00,0x00,0x01,0x00,0x00,0x02,0x10,0x02,0x00,0x00,0x00,0x00,0x00,0x01,0x20,0x52,
    0x00,0x00,0x52,0x00,0x00,0x01,0x26,0x62,0x00,0x00,0x02,0x01,0x00,0x52,0x11,0x02,
    0x08,0x33,0x32,0x02,0x00,0x81,0x22,0x02,0x00,0x00,0x22,0x01,0x00,0x52,0x00,0x02,
    0x00,0x00,0x92,0x92,0x05,0x12,0x00,0x52,0x00,0x00,0x22,0x22,0x08,0x12,0x00,0x02,
    0x00,0x53,0x33,0x33,0x30,0x20,0x09,0x02,0x00,0x08,0x22,0x33,0x32,0x52,0x00,0x52,
    0x00,0x00,0x42,0x12,0x82,0x00,0x00,0x02,0x00,0x00,0x40,0x51,0x52,0x20,0x00,0x02,
    0x00,0x00,0x40,0x00,0x41,0x10,0x00,0x02,0x00,0x00,0x40,0x00,0x42,0x10,0x00,0x02,
    0x00,0x00,0x00,0x01,0x45,0x10,0x00,0x52,0x33,0x33,0x33,0x31,0x43,0x33,0x33,0x32,
    0x00,0x00,0x00,0x01,0x00,0x00,0x00,0x02,0x00,0x00,0x00,0x00,0x00,0x00,0x00,0x02,
    /* Level 142 */
    0x00,0x00,0x00,0x00,0x00,0x00,0x00,0x72,0x00,0x52,0x00,0x00,0x03,0x33,0x00,0x02,
    0x00,0x02,0x00,0x00,0x40,0x03,0x33,0x33,0x00,0x02,0x00,0x00,0x40,0x00,0x00,0x52,
    0x00,0x01,0x00,0x04,0x20,0x10,0x00,0x02,0x00,0x01,0x00,0x04,0x25,0x20,0x00,0x02,
    0x00,0x02,0x00,0x04,0x20,0x10,0x00,0x52,0x00,0x00,0x00,0x04,0x20,0x00,0x00,0x02,
    0x00,0x01,0x00,0x04,0x20,0x00,0x00,0x02,0x00,0x51,0x00,0x04,0x33,0x33,0x33,0x02,
    0x00,0x02,0x00,0x00,0x10,0x00,0x00,0x52,0x00,0x02,0x66,0x05,0x10,0x00,0x20,0x02,
    0x00,0x00,0x00,0x08,0x20,0x01,0x10,0x02,0x00,0x00,0x00,0x00,0x20,0x52,0x10,0x02,
    0x00,0x00,0x00,0x00,0x00,0x00,0x10,0x02,0x00,0x40,0x00,0x00,0x10,0x00,0x00,0x02,
    0x00,0x40,0x00,0x00,0x10,0x00,0x00,0x02,0x00,0x40,0x00,0x05,0x20,0x01,0x10,0x02,
    0x00,0x40,0x00,0x00,0x10,0x02,0x20,0x02,0x00,0x40,0x51,0x00,0x10,0x52,0x20,0x52,
    0x00,0x40,0x01,0x08,0x20,0x01,0x20,0x02,0x00,0x40,0x02,0x00,0x20,0x51,0x00,0x02,
    0x00,0x00,0x53,0x33,0x33,0x02,0x04,0x52,0x33,0x38,0x33,0x33,0x33,0x33,0x34,0x32,
    0x00,0x00,0x00,0x00,0x00,0x00,0x04,0x82,0x00,0x00,0x00,0x00,0x03,0x33,0x30,0x02,
    0x00,0x00,0x02,0x00,0x00,0x00,0x00,0x02,0x00,0x00,0x00,0x00,0x00,0x00,0x00,0x02,
    /* Level 143 */
    0x00,0x00,0x00,0x00,0x00,0x00,0x00,0x72,0x00,0x00,0x00,0x04,0x00,0x00,0x40,0x52,
    0x00,0x00,0x01,0x01,0x00,0x00,0x40,0x02,0x00,0x00,0x51,0x52,0x33,0x33,0x40,0x02,
    0x00,0x00,0x01,0x02,0x00,0x00,0x40,0x02,0x00,0x00,0x02,0x02,0x00,0x00,0x40,0x52,
    0x00,0x00,0x01,0x52,0x00,0x01,0x40,0x02,0x00,0x00,0x52,0x02,0x00,0x02,0x00,0x22,
    0x00,0x00,0x02,0x09,0x00,0x02,0x05,0x12,0x00,0x00,0x82,0x00,0x00,0x02,0x00,0x22,
    0x00,0x00,0x02,0x52,0x00,0x01,0x08,0x22,0x00,0x00,0x03,0x33,0x33,0x51,0x00,0x12,
    0x00,0x00,0x00,0x01,0x04,0x00,0x00,0x22,0x00,0x00,0x09,0x01,0x04,0x00,0x00,0x22,
    0x00,0x00,0x02,0x01,0x04,0x00,0x00,0x12,0x00,0x00,0x02,0x01,0x00,0x00,0x00,0x22,
    0x00,0x00,0x02,0x11,0x00,0x00,0x00,0x12,0x00,0x00,0x82,0x22,0x00,0x00,0x05,0x22,
    0x00,0x00,0x01,0x12,0x02,0x00,0x04,0x12,0x00,0x00,0x03,0x33,0x61,0x66,0x64,0x62,
    0x00,0x00,0x00,0x10,0x02,0x03,0x33,0x33,0x00,0x00,0x00,0x20,0x02,0x00,0x04,0x12,
    0x00,0x03,0x33,0x30,0x02,0x00,0x04,0x52,0x33,0x33,0x33,0x23,0x53,0x33,0x34,0x32,
    0x00,0x00,0x00,0x00,0x01,0x00,0x04,0x82,0x00,0x00,0x00,0x00,0x00,0x00,0x00,0x52,
    0x00,0x00,0x00,0x00,0x52,0x00,0x00,0x02,0x00,0x00,0x00,0x00,0x00,0x00,0x00,0x02,
    /* Level 144 */
    0x00,0x00,0x00,0x00,0x00,0x00,0x00,0x72,0x00,0x00,0x00,0x00,0x00,0x00,0x00,0x02,
    0x00,0x00,0x03,0x33,0x00,0x00,0x00,0x02,0x00,0x00,0x00,0x00,0x00,0x00,0x00,0x52,
    0x00,0x00,0x00,0x00,0x00,0x00,0x00,0x02,0x00,0x00,0x00,0x00,0x00,0x00,0x04,0x02,
    0x00,0x00,0x00,0x00,0x00,0x00,0x04,0x02,0x00,0x00,0x00,0x00,0x05,0x20,0x04,0x02,
    0x00,0x00,0x00,0x20,0x00,0x20,0x33,0x33,0x00,0x00,0x05,0x24,0x00,0x20,0x00,0x02,
    0x00,0x00,0x05,0x14,0x05,0x20,0x00,0x52,0x00,0x00,0x15,0x24,0x05,0x20,0x00,0x02,
    0x00,0x00,0x10,0x14,0x03,0x33,0x33,0x02,0x00,0x00,0x10,0x24,0x00,0x20,0x00,0x02,
    0x00,0x00,0x10,0x10,0x00,0x10,0x00,0x02,0x00,0x00,0x00,0x00,0x05,0x10,0x00,0x02,
    0x00,0x00,0x00,0x09,0x05,0x10,0x00,0x02,0x00,0x00,0x08,0x23,0x33,0x30,0x20,0x02,
    0x00,0x08,0x25,0x21,0x00,0x18,0x21,0x02,0x00,0x03,0x33,0x33,0x05,0x10,0x22,0x52,
    0x00,0x08,0x20,0x21,0x00,0x20,0x12,0x52,0x00,0x00,0x08,0x22,0x00,0x00,0x12,0x02,
    0x00,0x00,0x00,0x00,0x00,0x00,0x02,0x02,0x00,0x00,0x00,0x00,0x00,0x00,0x00,0x02,
    0x00,0x00,0x00,0x51,0x00,0x00,0x00,0x52,0x00,0x00,0x66,0x61,0x60,0x00,0x00,0x52,
    0x33,0x33,0x33,0x33,0x33,0x33,0x33,0x52,0x00,0x00,0x00,0x00,0x00,0x00,0x00,0x02,
    /* Level 145 */
    0x00,0x00,0x00,0x00,0x00,0x00,0x00,0x72,0x00,0x00,0x00,0x03,0x33,0x00,0x00,0x02,
    0x00,0x00,0x00,0x00,0x03,0x33,0x33,0x02,0x00,0x00,0x00,0x00,0x00,0x00,0x00,0x52,
    0x00,0x00,0x01,0x00,0x00,0x00,0x00,0x02,0x00,0x00,0x33,0x33,0x00,0x01,0x00,0x02,
    0x00,0x00,0x02,0x00,0x00,0x02,0x00,0x02,0x00,0x59,0x01,0x00,0x00,0x21,0x00,0x02,
    0x00,0x01,0x01,0x00,0x00,0x11,0x00,0x52,0x00,0x02,0x52,0x02,0x08,0x22,0x00,0x02,
    0x00,0x02,0x09,0x01,0x00,0x02,0x00,0x02,0x00,0x02,0x52,0x02,0x00,0x01,0x00,0x02,
    0x00,0x52,0x02,0x51,0x00,0x22,0x00,0x02,0x00,0x01,0x00,0x02,0x00,0x14,0x00,0x02,
    0x00,0x02,0x00,0x00,0x00,0x21,0x00,0x02,0x00,0x00,0x02,0x06,0x66,0x21,0x00,0x82,
    0x00,0x51,0x51,0x00,0x10,0x11,0x00,0x02,0x00,0x83,0x33,0x05,0x10,0x10,0x00,0x02,
    0x00,0x02,0x02,0x00,0x33,0x33,0x00,0x02,0x00,0x01,0x02,0x00,0x15,0x20,0x00,0x02,
    0x00,0x01,0x00,0x00,0x02,0x10,0x00,0x02,0x00,0x00,0x00,0x00,0x51,0x20,0x40,0x02,
    0x00,0x00,0x00,0x00,0x01,0x10,0x40,0x02,0x00,0x00,0x00,0x00,0x20,0x00,0x40,0x82,
    0x33,0x33,0x33,0x33,0x23,0x33,0x43,0x32,0x00,0x00,0x00,0x00,0x00,0x00,0x40,0x02,
    0x00,0x00,0x00,0x00,0x00,0x00,0x00,0x52,0x00,0x00,0x00,0x00,0x00,0x00,0x00,0x02,
    /* Level 146 */
    0x00,0x00,0x00,0x00,0x00,0x00,0x00,0x72,0x00,0x00,0x00,0x00,0x05,0x20,0x00,0x52,
    0x00,0x00,0x00,0x00,0x00,0x10,0x00,0x02,0x00,0x00,0x00,0x00,0x00,0x10,0x00,0x52,
    0x00,0x00,0x00,0x00,0x00,0x10,0x00,0x02,0x00,0x00,0x00,0x00,0x00,0x20,0x00,0x12,
    0x00,0x52,0x00,0x00,0x00,0x20,0x00,0x22,0x00,0x02,0x00,0x00,0x00,0x10,0x00,0x12,
    0x00,0x01,0x00,0x00,0x00,0x10,0x01,0x22,0x00,0x00,0x00,0x00,0x00,0x20,0x51,0x22,
    0x00,0x00,0x00,0x00,0x00,0x20,0x01,0x52,0x00,0x33,0x33,0x30,0x00,0x10,0x02,0x02,
    0x00,0x01,0x00,0x00,0x05,0x11,0x02,0x52,0x00,0x52,0x33,0x30,0x00,0x12,0x01,0x02,
    0x00,0x52,0x00,0x00,0x00,0x12,0x52,0x02,0x00,0x09,0x00,0x00,0x46,0x21,0x61,0x52,
    0x00,0x51,0x00,0x00,0x33,0x33,0x30,0x02,0x00,0x81,0x00,0x00,0x40,0x02,0x00,0x52,
    0x00,0x01,0x00,0x00,0x40,0x01,0x00,0x02,0x00,0x51,0x00,0x00,0x40,0x81,0x00,0x02,
    0x00,0x01,0x53,0x33,0x33,0x02,0x00,0x82,0x00,0x02,0x01,0x00,0x00,0x00,0x00,0x82,
    0x00,0x02,0x03,0x33,0x33,0x00,0x00,0x02,0x00,0x00,0x59,0x00,0x00,0x02,0x00,0x52,
    0x00,0x00,0x09,0x00,0x00,0x51,0x00,0x52,0x33,0x33,0x33,0x33,0x33,0x33,0x33,0x82,
    0x00,0x00,0x00,0x00,0x00,0x00,0x00,0x02,0x00,0x00,0x00,0x00,0x00,0x00,0x00,0x02,
    /* Level 147 */
    0x00,0x00,0x00,0x00,0x00,0x00,0x00,0x72,0x00,0x00,0x00,0x00,0x00,0x00,0x00,0x02,
    0x00,0x00,0x00,0x00,0x40,0x00,0x00,0x02,0x00,0x00,0x00,0x00,0x40,0x00,0x00,0x52,
    0x00,0x00,0x00,0x00,0x40,0x00,0x00,0x02,0x00,0x00,0x00,0x00,0x40,0x00,0x00,0x52,
    0x00,0x00,0x00,0x00,0x21,0x00,0x00,0x52,0x00,0x00,0x00,0x05,0x11,0x00,0x00,0x02,
    0x00,0x00,0x00,0x00,0x21,0x00,0x00,0x02,0x00,0x00,0x00,0x00,0x22,0x00,0x00,0x02,
    0x00,0x00,0x00,0x08,0x12,0x00,0x00,0x52,0x00,0x01,0x40,0x08,0x12,0x01,0x00,0x82,
    0x00,0x01,0x41,0x00,0x33,0x33,0x33,0x52,0x00,0x82,0x41,0x00,0x12,0x81,0x00,0x02,
    0x00,0x00,0x41,0x05,0x12,0x51,0x00,0x02,0x00,0x02,0x42,0x05,0x29,0x01,0x02,0x02,
    0x00,0x01,0x41,0x00,0x51,0x51,0x02,0x52,0x00,0x01,0x41,0x00,0x03,0x33,0x01,0x52,
    0x00,0x52,0x42,0x00,0x11,0x00,0x02,0x02,0x00,0x01,0x00,0x00,0x11,0x51,0x00,0x02,
    0x00,0x01,0x00,0x00,0x33,0x33,0x66,0x62,0x00,0x00,0x00,0x00,0x04,0x00,0x02,0x52,
    0x00,0x00,0x03,0x33,0x33,0x00,0x02,0x52,0x00,0x00,0x00,0x00,0x04,0x33,0x33,0x33,
    0x33,0x33,0x33,0x33,0x34,0x33,0x33,0x52,0x00,0x00,0x00,0x00,0x04,0x00,0x00,0x02,
    0x00,0x00,0x00,0x00,0x04,0x00,0x00,0x02,0x00,0x00,0x00,0x00,0x00,0x00,0x00,0x02,
    /* Level 148 */
    0x00,0x00,0x00,0x00,0x00,0x00,0x00,0x72,0x00,0x00,0x20,0x20,0x02,0x03,0x33,0x32,
    0x00,0x05,0x15,0x20,0x52,0x00,0x00,0x22,0x00,0x00,0x05,0x33,0x33,0x30,0x00,0x22,
    0x00,0x00,0x00,0x10,0x02,0x00,0x00,0x22,0x00,0x00,0x25,0x20,0x00,0x00,0x00,0x22,
    0x00,0x00,0x33,0x33,0x30,0x53,0x33,0x33,0x00,0x00,0x20,0x00,0x02,0x00,0x00,0x02,
    0x00,0x00,0x10,0x00,0x01,0x00,0x00,0x02,0x00,0x02,0x10,0x00,0x00,0x00,0x00,0x02,
    0x00,0x02,0x20,0x00,0x00,0x00,0x00,0x02,0x00,0x02,0x20,0x02,0x00,0x00,0x00,0x02,
    0x00,0x02,0x20,0x02,0x00,0x00,0x40,0x02,0x00,0x00,0x20,0x82,0x00,0x00,0x40,0x02,
    0x00,0x02,0x10,0x81,0x00,0x10,0x40,0x02,0x00,0x01,0x20,0x03,0x33,0x36,0x46,0x02,
    0x00,0x01,0x01,0x01,0x00,0x28,0x10,0x02,0x00,0x02,0x02,0x09,0x00,0x10,0x20,0x02,
    0x00,0x00,0x51,0x02,0x00,0x10,0x20,0x02,0x00,0x00,0x02,0x04,0x00,0x15,0x20,0x02,
    0x00,0x00,0x01,0x04,0x00,0x00,0x10,0x52,0x00,0x00,0x33,0x34,0x00,0x15,0x20,0x02,
    0x00,0x00,0x00,0x01,0x08,0x20,0x00,0x52,0x00,0x00,0x00,0x01,0x05,0x10,0x00,0x02,
    0x00,0x00,0x00,0x33,0x33,0x30,0x00,0x02,0x00,0x00,0x00,0x00,0x00,0x10,0x00,0x02,
    0x00,0x00,0x00,0x00,0x00,0x20,0x00,0x02,0x33,0x33,0x33,0x33,0x33,0x33,0x33,0x32,
    /* Level 149 */
    0x00,0x00,0x00,0x00,0x00,0x00,0x00,0x72,0x05,0x33,0x33,0x40,0x00,0x00,0x00,0x02,
    0x00,0x00,0x00,0x40,0x00,0x00,0x00,0x52,0x00,0x06,0x66,0x40,0x00,0x00,0x33,0x33,
    0x00,0x00,0x00,0x40,0x00,0x00,0x01,0x02,0x00,0x00,0x00,0x44,0x00,0x00,0x02,0x02,
    0x05,0x33,0x30,0x44,0x00,0x00,0x02,0x02,0x00,0x04,0x00,0x44,0x00,0x00,0x02,0x52,
    0x00,0x04,0x00,0x04,0x00,0x03,0x33,0x02,0x00,0x04,0x00,0x02,0x00,0x00,0x00,0x02,
    0x00,0x04,0x00,0x82,0x00,0x00,0x20,0x52,0x00,0x00,0x00,0x52,0x00,0x00,0x11,0x52,
    0x00,0x00,0x00,0x02,0x00,0x02,0x02,0x52,0x00,0x00,0x03,0x33,0x00,0x51,0x02,0x02,
    0x00,0x00,0x01,0x00,0x00,0x82,0x52,0x02,0x00,0x00,0x52,0x00,0x00,0x01,0x20,0x82,
    0x00,0x00,0x01,0x00,0x00,0x05,0x20,0x02,0x00,0x00,0x00,0x53,0x33,0x30,0x20,0x82,
    0x00,0x00,0x52,0x20,0x00,0x00,0x20,0x02,0x00,0x00,0x01,0x10,0x00,0x00,0x00,0x02,
    0x00,0x00,0x02,0x20,0x00,0x00,0x00,0x52,0x00,0x00,0x02,0x20,0x40,0x53,0x33,0x52,
    0x00,0x00,0x02,0x10,0x40,0x00,0x00,0x02,0x00,0x00,0x51,0x10,0x40,0x00,0x00,0x02,
    0x00,0x00,0x52,0x00,0x40,0x00,0x00,0x02,0x00,0x00,0x00,0x00,0x40,0x00,0x00,0x02,
    0x33,0x33,0x33,0x33,0x43,0x33,0x33,0x32,0x00,0x00,0x00,0x00,0x00,0x00,0x00,0x02,
    /* Level 150 */
    0x00,0x00,0x00,0x00,0x00,0x00,0x00,0x72,0x00,0x00,0x00,0x05,0x33,0x33,0x00,0x02,
    0x00,0x03,0x33,0x33,0x30,0x20,0x00,0x02,0x00,0x05,0x10,0x40,0x00,0x20,0x00,0x52,
    0x00,0x05,0x20,0x45,0x10,0x20,0x00,0x02,0x00,0x00,0x10,0x40,0x20,0x20,0x00,0x02,
    0x00,0x00,0x20,0x44,0x10,0x20,0x02,0x52,0x00,0x00,0x00,0x44,0x20,0x20,0x02,0x02,
    0x00,0x00,0x23,0x33,0x33,0x90,0x02,0x52,0x00,0x00,0x14,0x24,0x10,0x00,0x01,0x52,
    0x00,0x00,0x04,0x14,0x20,0x00,0x01,0x82,0x00,0x00,0x04,0x24,0x20,0x00,0x02,0x02,
    0x00,0x00,0x04,0x20,0x02,0x20,0x00,0x02,0x00,0x06,0x64,0x24,0x01,0x10,0x82,0x12,
    0x00,0x00,0x53,0x33,0x31,0x10,0x01,0x12,0x00,0x00,0x04,0x94,0x11,0x10,0x01,0x22,
    0x00,0x00,0x03,0x33,0x33,0x00,0x82,0x02,0x00,0x00,0x00,0x14,0x00,0x00,0x01,0x02,
    0x00,0x00,0x00,0x04,0x02,0x00,0x02,0x02,0x00,0x00,0x05,0x12,0x02,0x00,0x01,0x12,
    0x00,0x00,0x00,0x22,0x00,0x01,0x52,0x12,0x00,0x00,0x00,0x01,0x00,0x52,0x01,0x12,
    0x00,0x00,0x00,0x00,0x00,0x02,0x00,0x22,0x00,0x00,0x00,0x00,0x00,0x82,0x00,0x02,
    0x00,0x00,0x00,0x01,0x00,0x02,0x00,0x02,0x00,0x00,0x00,0x01,0x00,0x00,0x00,0x02,
    0x00,0x00,0x00,0x00,0x00,0x00,0x00,0x52,0x33,0x33,0x33,0x33,0x33,0x33,0x33,0x32
};


/*--------------------------------------------------------------------
 * Unpack a level from nibble-packed column-major data into gs->tiles.
 * Also scans for player/enemy start positions.
 *-------------------------------------------------------------------*/
static void unpack_level(const UBYTE *packed, GameState *gs)
{
    int x, y, idx, ne;
    UBYTE hi, lo, tile;

    ne = 0;
    idx = 0;

    for (x = 0; x < GRID_COLS; x++) {
        for (y = 0; y < GRID_ROWS; y += 2) {
            hi = (packed[idx] >> 4) & 0x0F;
            lo = packed[idx] & 0x0F;
            idx++;

            /* Process high nibble (even row) */
            tile = hi;
            if (tile == TILE_PLAYER) {
                gs->player.gx = x;
                gs->player.gy = y;
                gs->player.px = x * TILE_W;
                gs->player.py = y * TILE_H;
                tile = TILE_EMPTY;
            } else if (tile == TILE_ENEMY) {
                if (ne < MAX_ENEMIES) {
                    gs->enemies[ne].gx = x;
                    gs->enemies[ne].gy = y;
                    gs->enemies[ne].px = x * TILE_W;
                    gs->enemies[ne].py = y * TILE_H;
                    gs->enemies[ne].active = 1;
                    gs->enemies[ne].state = ES_RUNNING;
                    gs->enemies[ne].has_gold = 0;
                    gs->enemies[ne].dir = DIR_LEFT;
                    gs->enemies[ne].anim = 0;
                    gs->enemies[ne].trap_timer = 0;
                    gs->enemies[ne].move_timer = 0;
                    ne++;
                }
                /* Always strip the marker from the tile grid, even if
                 * we hit MAX_ENEMIES - otherwise excess markers stay
                 * as garbage tiles in the playfield. */
                tile = TILE_EMPTY;
            }
            gs->tiles[x][y] = tile;

            /* Process low nibble (odd row) */
            if (y + 1 < GRID_ROWS) {
                tile = lo;
                if (tile == TILE_PLAYER) {
                    gs->player.gx = x;
                    gs->player.gy = y + 1;
                    gs->player.px = x * TILE_W;
                    gs->player.py = (y + 1) * TILE_H;
                    tile = TILE_EMPTY;
                } else if (tile == TILE_ENEMY) {
                    if (ne < MAX_ENEMIES) {
                        gs->enemies[ne].gx = x;
                        gs->enemies[ne].gy = y + 1;
                        gs->enemies[ne].px = x * TILE_W;
                        gs->enemies[ne].py = (y + 1) * TILE_H;
                        gs->enemies[ne].active = 1;
                        gs->enemies[ne].state = ES_RUNNING;
                        gs->enemies[ne].has_gold = 0;
                        gs->enemies[ne].dir = DIR_LEFT;
                        gs->enemies[ne].anim = 0;
                        gs->enemies[ne].trap_timer = 0;
                        gs->enemies[ne].move_timer = 0;
                        ne++;
                    }
                    /* Always strip marker even if MAX_ENEMIES hit. */
                    tile = TILE_EMPTY;
                }
                gs->tiles[x][y + 1] = tile;
            }
        }
    }
    gs->num_enemies = ne;
}

/*--------------------------------------------------------------------
 * level_activate_spawn_markers - Convert TILE_PLAYER / TILE_ENEMY
 * spawn-marker tiles in gs->tiles into live entities and clear the
 * marker tiles. Used by the editor when starting test-play so the
 * player/enemies appear at the placed marker positions.
 *
 * Also resets brick_timers and player state so a fresh play begins
 * cleanly. Enemy count is capped at MAX_ENEMIES; any excess ENEMY
 * markers are still cleared from the tile grid.
 *-------------------------------------------------------------------*/
void level_activate_spawn_markers(GameState *gs)
{
    int x, y, ne;

    /* Clear brick regen timers */
    for (x = 0; x < GRID_COLS; x++) {
        for (y = 0; y < GRID_ROWS; y++) {
            gs->brick_timer[x][y] = 0;
        }
    }

    /* Clear enemy slots */
    for (x = 0; x < MAX_ENEMIES; x++) {
        gs->enemies[x].active = 0;
    }

    /* Reset player defaults (position filled in below if marker present) */
    gs->player.dir = DIR_NONE;
    gs->player.state = PS_IDLE;
    gs->player.anim = 0;
    gs->player.dig_timer = 0;
    gs->player.fall_count = 0;

    ne = 0;
    for (x = 0; x < GRID_COLS; x++) {
        for (y = 0; y < GRID_ROWS; y++) {
            UBYTE t = gs->tiles[x][y];
            if (t == TILE_PLAYER) {
                gs->player.gx = x;
                gs->player.gy = y;
                gs->player.px = x * TILE_W;
                gs->player.py = y * TILE_H;
                gs->tiles[x][y] = TILE_EMPTY;
            } else if (t == TILE_ENEMY) {
                if (ne < MAX_ENEMIES) {
                    gs->enemies[ne].gx = x;
                    gs->enemies[ne].gy = y;
                    gs->enemies[ne].px = x * TILE_W;
                    gs->enemies[ne].py = y * TILE_H;
                    gs->enemies[ne].active = 1;
                    gs->enemies[ne].state = ES_RUNNING;
                    gs->enemies[ne].has_gold = 0;
                    gs->enemies[ne].dir = DIR_LEFT;
                    gs->enemies[ne].anim = 0;
                    gs->enemies[ne].trap_timer = 0;
                    gs->enemies[ne].move_timer = 0;
                    ne++;
                }
                /* Always clear the marker, even if we hit the cap. */
                gs->tiles[x][y] = TILE_EMPTY;
            }
        }
    }
    gs->num_enemies = ne;
}

/*--------------------------------------------------------------------
 * level_load - Load level num (1-based) into game state
 *-------------------------------------------------------------------*/
void level_load(GameState *gs, int level_num)
{
    int x, y, gold;
    const UBYTE *packed;

    /* Clamp level number */
    if (level_num < 1) level_num = 1;
    if (level_num > MAX_LEVELS) level_num = MAX_LEVELS;

    gs->level_num = level_num;

    /* Clear timers */
    for (x = 0; x < GRID_COLS; x++) {
        for (y = 0; y < GRID_ROWS; y++) {
            gs->brick_timer[x][y] = 0;
        }
    }

    /* Clear enemies */
    for (x = 0; x < MAX_ENEMIES; x++) {
        gs->enemies[x].active = 0;
    }

    /* Reset player */
    gs->player.dir = DIR_NONE;
    gs->player.state = PS_IDLE;
    gs->player.anim = 0;
    gs->player.dig_timer = 0;
    gs->player.fall_count = 0;

    /* Unpack level data */
    packed = &level_data[(level_num - 1) * 224];
    unpack_level(packed, gs);

    /* Count gold */
    gold = 0;
    for (x = 0; x < GRID_COLS; x++) {
        for (y = 0; y < GRID_ROWS; y++) {
            if (gs->tiles[x][y] == TILE_GOLD)
                gold++;
        }
    }
    gs->gold_total = gold;
    gs->gold_collected = 0;
}

/*--------------------------------------------------------------------
 * level_tick_bricks - Handle brick regeneration timers
 *-------------------------------------------------------------------*/
void level_tick_bricks(GameState *gs)
{
    int x, y, i;

    for (x = 0; x < GRID_COLS; x++) {
        for (y = 0; y < GRID_ROWS; y++) {
            if (gs->brick_timer[x][y] > 0) {
                gs->brick_timer[x][y]--;
                if (gs->brick_timer[x][y] == 0) {
                    /* Check if an enemy is in this tile - kill and respawn */
                    for (i = 0; i < gs->num_enemies; i++) {
                        if (gs->enemies[i].active &&
                            gs->enemies[i].gx == x &&
                            gs->enemies[i].gy == y) {
                            gs->enemies[i].state = ES_DEAD;
                            /* If enemy had gold, drop it above */
                            if (gs->enemies[i].has_gold) {
                                if (y > 0 && gs->tiles[x][y-1] == TILE_EMPTY) {
                                    gs->tiles[x][y-1] = TILE_GOLD;
                                }
                                gs->enemies[i].has_gold = 0;
                            }
                        }
                    }
                    /* Check if player is in this tile - death */
                    if (gs->player.gx == x && gs->player.gy == y) {
                        gs->player.state = PS_DEAD;
                    }
                    /* Restore brick */
                    gs->tiles[x][y] = TILE_BRICK;
                }
            }
        }
    }
}

/*--------------------------------------------------------------------
 * level_reveal_hidden_ladders - Make hidden ladders visible
 *-------------------------------------------------------------------*/
void level_reveal_hidden_ladders(GameState *gs)
{
    int x, y;
    for (x = 0; x < GRID_COLS; x++) {
        for (y = 0; y < GRID_ROWS; y++) {
            if (gs->tiles[x][y] == TILE_HIDDEN_LADDER)
                gs->tiles[x][y] = TILE_LADDER;
        }
    }
}

/*--------------------------------------------------------------------
 * level_dig_brick - Remove a brick and start regen timer
 * Returns 1 if brick was dug successfully, 0 otherwise
 *-------------------------------------------------------------------*/
int level_dig_brick(GameState *gs, int gx, int gy)
{
    if (gx < 0 || gx >= GRID_COLS || gy < 0 || gy >= GRID_ROWS)
        return 0;
    if (gs->tiles[gx][gy] != TILE_BRICK)
        return 0;

    gs->tiles[gx][gy] = TILE_EMPTY;
    gs->brick_timer[gx][gy] = BRICK_REGEN_FRAMES;
    return 1;
}

/*--------------------------------------------------------------------
 * level_count_gold - Count remaining gold tiles in current level
 *-------------------------------------------------------------------*/
int level_count_gold(void)
{
    extern GameState gs;
    int x, y, count = 0;
    for (x = 0; x < GRID_COLS; x++)
        for (y = 0; y < GRID_ROWS; y++)
            if (gs.tiles[x][y] == TILE_GOLD) count++;
    return count;
}

/*--------------------------------------------------------------------
 * level_save_text - Save current level as human-readable text file
 * Format: 16 rows of 28 chars, using . # @ H - $ X P E T
 *-------------------------------------------------------------------*/
int level_save_text(const char *path)
{
    extern GameState gs;
    BPTR fh;
    int x, y;
    char line[32];
    static const char tile_chars[] = ".#@H-$XPET";

    fh = Open((CONST_STRPTR)path, MODE_NEWFILE);
    if (!fh) return 1;

    for (y = 0; y < GRID_ROWS; y++) {
        for (x = 0; x < GRID_COLS; x++) {
            UBYTE t = gs.tiles[x][y];
            line[x] = (t <= TILE_TRAP) ? tile_chars[t] : '.';
        }
        line[GRID_COLS] = '\n';
        line[GRID_COLS + 1] = '\0';
        Write(fh, line, GRID_COLS + 1);
    }
    Close(fh);
    return 0;
}

/*--------------------------------------------------------------------
 * level_load_text - Load level from human-readable text file
 *-------------------------------------------------------------------*/
int level_load_text(const char *path)
{
    extern GameState gs;
    BPTR fh;
    int x, y;
    char buf[512];
    LONG bytes;
    int pos = 0;

    fh = Open((CONST_STRPTR)path, MODE_OLDFILE);
    if (!fh) return 1;

    bytes = Read(fh, buf, sizeof(buf) - 1);
    Close(fh);
    if (bytes <= 0) return 1;
    buf[bytes] = '\0';

    /* Clear level */
    for (x = 0; x < GRID_COLS; x++)
        for (y = 0; y < GRID_ROWS; y++) {
            gs.tiles[x][y] = TILE_EMPTY;
            gs.brick_timer[x][y] = 0;
        }

    for (y = 0; y < GRID_ROWS && pos < bytes; y++) {
        for (x = 0; x < GRID_COLS && pos < bytes; x++) {
            char c = buf[pos++];
            while (c == '\r' || c == '\n') { if (pos >= bytes) break; c = buf[pos++]; }
            switch (c) {
                case '#': gs.tiles[x][y] = TILE_BRICK; break;
                case '@': gs.tiles[x][y] = TILE_SOLID; break;
                case 'H': gs.tiles[x][y] = TILE_LADDER; break;
                case '-': gs.tiles[x][y] = TILE_BAR; break;
                case '$': gs.tiles[x][y] = TILE_GOLD; break;
                case 'X': gs.tiles[x][y] = TILE_HIDDEN_LADDER; break;
                /* Preserve spawn markers so a later
                 * level_activate_spawn_markers() call can rebuild
                 * live entities from them. Otherwise a
                 * level_save_text() -> level_load_text() roundtrip
                 * loses player + enemy positions. */
                case 'P': gs.tiles[x][y] = TILE_PLAYER; break;
                case 'E': gs.tiles[x][y] = TILE_ENEMY; break;
                case 'T': gs.tiles[x][y] = TILE_TRAP; break;
                default:  gs.tiles[x][y] = TILE_EMPTY; break;
            }
        }
        /* Skip to next line */
        while (pos < bytes && buf[pos] != '\n') pos++;
        if (pos < bytes) pos++; /* skip \n */
    }

    return 0;
}
